05-Oct-2026 13:04:20.611 INFORMAÇÕES [main] org.apache.catalina.startup.VersionLoggerListener.log Server version name:   Apache Tomcat/10.1.60
05-Oct-2026 13:04:20.613 INFORMAÇÕES [main] org.apache.catalina.startup.VersionLoggerListener.log Server built:          Sep 9 2026 22:35:59 UTC
05-Oct-2026 13:04:20.614 INFORMAÇÕES [main] org.apache.catalina.startup.VersionLoggerListener.log Server version number: 10.1.60.0
05-Oct-2026 13:04:20.614 INFORMAÇÕES [main] org.apache.catalina.startup.VersionLoggerListener.log OS Name:               Windows 11
05-Oct-2026 13:04:20.614 INFORMAÇÕES [main] org.apache.catalina.startup.VersionLoggerListener.log OS Version:            10.0
05-Oct-2026 13:04:20.614 INFORMAÇÕES [main] org.apache.catalina.startup.VersionLoggerListener.log Architecture:          amd64
05-Oct-2026 13:04:20.614 INFORMAÇÕES [main] org.apache.catalina.startup.VersionLoggerListener.log Java Home:             C:\Program Files\Eclipse Adoptium\jdk-25.0.4.101-hotspot
05-Oct-2026 13:04:20.614 INFORMAÇÕES [main] org.apache.catalina.startup.VersionLoggerListener.log JVM Version:           25.0.4.1+1-LTS
05-Oct-2026 13:04:20.615 INFORMAÇÕES [main] org.apache.catalina.startup.VersionLoggerListener.log JVM Vendor:            Eclipse Adoptium
05-Oct-2026 13:04:20.615 INFORMAÇÕES [main] org.apache.catalina.startup.VersionLoggerListener.log CATALINA_BASE:         C:\dev\ferramentas\apache-tomcat-10.1.60
05-Oct-2026 13:04:20.615 INFORMAÇÕES [main] org.apache.catalina.startup.VersionLoggerListener.log CATALINA_HOME:         C:\dev\ferramentas\apache-tomcat-10.1.60
05-Oct-2026 13:04:20.623 INFORMAÇÕES [main] org.apache.catalina.startup.VersionLoggerListener.log Command line argument: -Djava.util.logging.config.file=C:\dev\ferramentas\apache-tomcat-10.1.60\conf\logging.properties
05-Oct-2026 13:04:20.623 INFORMAÇÕES [main] org.apache.catalina.startup.VersionLoggerListener.log Command line argument: -Djava.util.logging.manager=org.apache.juli.ClassLoaderLogManager
05-Oct-2026 13:04:20.624 INFORMAÇÕES [main] org.apache.catalina.startup.VersionLoggerListener.log Command line argument: -Djdk.tls.ephemeralDHKeySize=2048
05-Oct-2026 13:04:20.624 INFORMAÇÕES [main] org.apache.catalina.startup.VersionLoggerListener.log Command line argument: -Djava.protocol.handler.pkgs=org.apache.catalina.webresources
05-Oct-2026 13:04:20.624 INFORMAÇÕES [main] org.apache.catalina.startup.VersionLoggerListener.log Command line argument: -Dsun.io.useCanonCaches=false
05-Oct-2026 13:04:20.624 INFORMAÇÕES [main] org.apache.catalina.startup.VersionLoggerListener.log Command line argument: --add-opens=java.base/java.lang=ALL-UNNAMED
05-Oct-2026 13:04:20.624 INFORMAÇÕES [main] org.apache.catalina.startup.VersionLoggerListener.log Command line argument: --add-opens=java.base/java.lang.reflect=ALL-UNNAMED
05-Oct-2026 13:04:20.624 INFORMAÇÕES [main] org.apache.catalina.startup.VersionLoggerListener.log Command line argument: --add-opens=java.base/java.io=ALL-UNNAMED
05-Oct-2026 13:04:20.625 INFORMAÇÕES [main] org.apache.catalina.startup.VersionLoggerListener.log Command line argument: --add-opens=java.base/java.util=ALL-UNNAMED
05-Oct-2026 13:04:20.625 INFORMAÇÕES [main] org.apache.catalina.startup.VersionLoggerListener.log Command line argument: --add-opens=java.base/java.util.concurrent=ALL-UNNAMED
05-Oct-2026 13:04:20.625 INFORMAÇÕES [main] org.apache.catalina.startup.VersionLoggerListener.log Command line argument: --add-opens=java.rmi/sun.rmi.transport=ALL-UNNAMED
05-Oct-2026 13:04:20.625 INFORMAÇÕES [main] org.apache.catalina.startup.VersionLoggerListener.log Command line argument: -Dcatalina.base=C:\dev\ferramentas\apache-tomcat-10.1.60
05-Oct-2026 13:04:20.625 INFORMAÇÕES [main] org.apache.catalina.startup.VersionLoggerListener.log Command line argument: -Dcatalina.home=C:\dev\ferramentas\apache-tomcat-10.1.60
05-Oct-2026 13:04:20.625 INFORMAÇÕES [main] org.apache.catalina.startup.VersionLoggerListener.log Command line argument: -Djava.io.tmpdir=C:\dev\ferramentas\apache-tomcat-10.1.60\temp
05-Oct-2026 13:04:20.631 INFORMAÇÕES [main] org.apache.catalina.core.AprLifecycleListener.lifecycleEvent The Apache Tomcat Native library which allows using OpenSSL was not found on the java.library.path: [C:\Program Files\Eclipse Adoptium\jdk-25.0.4.101-hotspot\bin;C:\WINDOWS\Sun\Java\bin;C:\WINDOWS\system32;C:\WINDOWS;C:\Program Files\Eclipse Adoptium\jdk-25.0.4.101-hotspot\bin;C:\Program Files (x86)\Common Files\Oracle\Java\java8path;C:\Program Files (x86)\Common Files\Oracle\Java\javapath;C:\WINDOWS\system32;C:\WINDOWS;C:\WINDOWS\System32\Wbem;C:\WINDOWS\System32\WindowsPowerShell\v1.0\;C:\WINDOWS\System32\OpenSSH\;C:\Program Files\Git\cmd;C:\Users\anand\AppData\Local\Microsoft\WindowsApps;C:\Users\anand\AppData\Local\GitHubDesktop\bin;C:\Users\anand\AppData\Local\Programs\Microsoft VS Code\bin;C:\dev\ferramentas\apache-maven-3.10.0\bin;;.]
05-Oct-2026 13:04:20.817 INFORMAÇÕES [main] org.apache.coyote.AbstractProtocol.init Initializing ProtocolHandler ["http-nio-8080"]
05-Oct-2026 13:04:20.834 INFORMAÇÕES [main] org.apache.catalina.startup.Catalina.load Server initialization in [366] milliseconds
05-Oct-2026 13:04:20.911 INFORMAÇÕES [main] org.apache.catalina.core.StandardService.startInternal Starting service [Catalina]
05-Oct-2026 13:04:20.911 INFORMAÇÕES [main] org.apache.catalina.core.StandardEngine.startInternal Starting Servlet engine: [Apache Tomcat/10.1.60]
05-Oct-2026 13:04:20.944 INFORMAÇÕES [main] org.apache.catalina.startup.HostConfig.deployWAR Deploying web application archive [C:\dev\ferramentas\apache-tomcat-10.1.60\webapps\catalogo.war]
05-Oct-2026 13:04:21.997 INFORMAÇÕES [main] org.apache.jasper.servlet.TldScanner.scanJars At least one JAR was scanned for TLDs yet contained no TLDs. Enable debug logging for this logger for a complete list of JARs that were scanned but no TLDs were found in them. Skipping unneeded JARs during scanning can improve startup time and JSP compilation time.
05-Oct-2026 13:04:22.070 INFORMAÇÕES [main] org.apache.catalina.startup.HostConfig.deployWAR Deployment of web application archive [C:\dev\ferramentas\apache-tomcat-10.1.60\webapps\catalogo.war] has finished in [1.122] ms
05-Oct-2026 13:04:22.071 INFORMAÇÕES [main] org.apache.catalina.startup.HostConfig.deployDirectory Diretório de instalação da aplicação web [C:\dev\ferramentas\apache-tomcat-10.1.60\webapps\docs]
05-Oct-2026 13:04:22.107 INFORMAÇÕES [main] org.apache.catalina.startup.HostConfig.deployDirectory Deployment of web application directory [C:\dev\ferramentas\apache-tomcat-10.1.60\webapps\docs] has finished in [36] ms
05-Oct-2026 13:04:22.108 INFORMAÇÕES [main] org.apache.catalina.startup.HostConfig.deployDirectory Diretório de instalação da aplicação web [C:\dev\ferramentas\apache-tomcat-10.1.60\webapps\examples]
05-Oct-2026 13:04:22.433 INFORMAÇÕES [main] org.apache.catalina.startup.HostConfig.deployDirectory Deployment of web application directory [C:\dev\ferramentas\apache-tomcat-10.1.60\webapps\examples] has finished in [325] ms
05-Oct-2026 13:04:22.433 INFORMAÇÕES [main] org.apache.catalina.startup.HostConfig.deployDirectory Diretório de instalação da aplicação web [C:\dev\ferramentas\apache-tomcat-10.1.60\webapps\host-manager]
05-Oct-2026 13:04:22.464 INFORMAÇÕES [main] org.apache.catalina.startup.HostConfig.deployDirectory Deployment of web application directory [C:\dev\ferramentas\apache-tomcat-10.1.60\webapps\host-manager] has finished in [30] ms
05-Oct-2026 13:04:22.464 INFORMAÇÕES [main] org.apache.catalina.startup.HostConfig.deployDirectory Diretório de instalação da aplicação web [C:\dev\ferramentas\apache-tomcat-10.1.60\webapps\manager]
05-Oct-2026 13:04:22.491 INFORMAÇÕES [main] org.apache.catalina.startup.HostConfig.deployDirectory Deployment of web application directory [C:\dev\ferramentas\apache-tomcat-10.1.60\webapps\manager] has finished in [27] ms
05-Oct-2026 13:04:22.492 INFORMAÇÕES [main] org.apache.catalina.startup.HostConfig.deployDirectory Diretório de instalação da aplicação web [C:\dev\ferramentas\apache-tomcat-10.1.60\webapps\ROOT]
05-Oct-2026 13:04:22.511 INFORMAÇÕES [main] org.apache.catalina.startup.HostConfig.deployDirectory Deployment of web application directory [C:\dev\ferramentas\apache-tomcat-10.1.60\webapps\ROOT] has finished in [20] ms
05-Oct-2026 13:04:22.514 INFORMAÇÕES [main] org.apache.coyote.AbstractProtocol.start Starting ProtocolHandler ["http-nio-8080"]
05-Oct-2026 13:04:22.535 INFORMAÇÕES [main] org.apache.catalina.startup.Catalina.start Server startup in [1698] milliseconds
05-Oct-2026 13:05:08.262 GRAVE [http-nio-8080-exec-2] br.edu.catalogo.controller.ItemMidiaServlet.tratarErroBanco Erro de acesso ao banco de dados
	java.sql.SQLException: Access denied for user 'root'@'localhost' (using password: YES)
		at com.mysql.cj.jdbc.exceptions.SQLError.createSQLException(SQLError.java:121)
		at com.mysql.cj.jdbc.exceptions.SQLExceptionsMapping.translateException(SQLExceptionsMapping.java:113)
		at com.mysql.cj.jdbc.ConnectionImpl.createNewIO(ConnectionImpl.java:861)
		at com.mysql.cj.jdbc.ConnectionImpl.<init>(ConnectionImpl.java:449)
		at com.mysql.cj.jdbc.ConnectionImpl.getInstance(ConnectionImpl.java:234)
		at com.mysql.cj.jdbc.NonRegisteringDriver.connect(NonRegisteringDriver.java:180)
		at java.sql/java.sql.DriverManager.getConnection(DriverManager.java:613)
		at java.sql/java.sql.DriverManager.getConnection(DriverManager.java:199)
		at br.edu.catalogo.util.ConexaoBD.getConexao(ConexaoBD.java:41)
		at br.edu.catalogo.dao.ItemMidiaDAO.buscar(ItemMidiaDAO.java:127)
		at br.edu.catalogo.service.ItemMidiaService.buscar(ItemMidiaService.java:125)
		at br.edu.catalogo.controller.ItemMidiaServlet.listar(ItemMidiaServlet.java:77)
		at br.edu.catalogo.controller.ItemMidiaServlet.doGet(ItemMidiaServlet.java:46)
		at jakarta.servlet.http.HttpServlet.service(HttpServlet.java:564)
		at jakarta.servlet.http.HttpServlet.service(HttpServlet.java:658)
		at org.apache.catalina.core.ApplicationFilterChain.internalDoFilter(ApplicationFilterChain.java:197)
		at org.apache.catalina.core.ApplicationFilterChain.doFilter(ApplicationFilterChain.java:142)
		at org.apache.tomcat.websocket.server.WsFilter.doFilter(WsFilter.java:57)
		at org.apache.catalina.core.ApplicationFilterChain.internalDoFilter(ApplicationFilterChain.java:166)
		at org.apache.catalina.core.ApplicationFilterChain.doFilter(ApplicationFilterChain.java:142)
		at org.apache.catalina.core.StandardWrapperValve.invoke(StandardWrapperValve.java:166)
		at org.apache.catalina.core.StandardContextValve.invoke(StandardContextValve.java:88)
		at org.apache.catalina.authenticator.AuthenticatorBase.invoke(AuthenticatorBase.java:540)
		at org.apache.catalina.core.StandardHostValve.invoke(StandardHostValve.java:115)
		at org.apache.catalina.valves.ErrorReportValve.invoke(ErrorReportValve.java:86)
		at org.apache.catalina.valves.AbstractAccessLogValve.invoke(AbstractAccessLogValve.java:782)
		at org.apache.catalina.core.StandardEngineValve.invoke(StandardEngineValve.java:71)
		at org.apache.catalina.connector.CoyoteAdapter.service(CoyoteAdapter.java:348)
		at org.apache.coyote.http11.Http11Processor.service(Http11Processor.java:410)
		at org.apache.coyote.AbstractProcessorLight.process(AbstractProcessorLight.java:71)
		at org.apache.coyote.AbstractProtocol$ConnectionHandler.process(AbstractProtocol.java:1307)
		at org.apache.tomcat.util.net.NioEndpoint$SocketProcessor.doRun(NioEndpoint.java:2197)
		at org.apache.tomcat.util.net.SocketProcessorBase.run(SocketProcessorBase.java:74)
		at org.apache.tomcat.util.threads.ThreadPoolExecutor.runWorker(ThreadPoolExecutor.java:976)
		at org.apache.tomcat.util.threads.ThreadPoolExecutor$Worker.run(ThreadPoolExecutor.java:494)
		at org.apache.tomcat.util.threads.TaskThread$WrappingRunnable.run(TaskThread.java:80)
		at java.base/java.lang.Thread.run(Thread.java:1474)
05-Oct-2026 13:07:37.368 GRAVE [http-nio-8080-exec-8] br.edu.catalogo.controller.ItemMidiaServlet.tratarErroBanco Erro de acesso ao banco de dados
	java.sql.SQLException: Access denied for user 'root'@'localhost' (using password: YES)
		at com.mysql.cj.jdbc.exceptions.SQLError.createSQLException(SQLError.java:121)
		at com.mysql.cj.jdbc.exceptions.SQLExceptionsMapping.translateException(SQLExceptionsMapping.java:113)
		at com.mysql.cj.jdbc.ConnectionImpl.createNewIO(ConnectionImpl.java:861)
		at com.mysql.cj.jdbc.ConnectionImpl.<init>(ConnectionImpl.java:449)
		at com.mysql.cj.jdbc.ConnectionImpl.getInstance(ConnectionImpl.java:234)
		at com.mysql.cj.jdbc.NonRegisteringDriver.connect(NonRegisteringDriver.java:180)
		at java.sql/java.sql.DriverManager.getConnection(DriverManager.java:613)
		at java.sql/java.sql.DriverManager.getConnection(DriverManager.java:199)
		at br.edu.catalogo.util.ConexaoBD.getConexao(ConexaoBD.java:41)
		at br.edu.catalogo.dao.ItemMidiaDAO.buscar(ItemMidiaDAO.java:127)
		at br.edu.catalogo.service.ItemMidiaService.buscar(ItemMidiaService.java:125)
		at br.edu.catalogo.controller.ItemMidiaServlet.listar(ItemMidiaServlet.java:77)
		at br.edu.catalogo.controller.ItemMidiaServlet.doGet(ItemMidiaServlet.java:46)
		at jakarta.servlet.http.HttpServlet.service(HttpServlet.java:564)
		at jakarta.servlet.http.HttpServlet.service(HttpServlet.java:658)
		at org.apache.catalina.core.ApplicationFilterChain.internalDoFilter(ApplicationFilterChain.java:197)
		at org.apache.catalina.core.ApplicationFilterChain.doFilter(ApplicationFilterChain.java:142)
		at org.apache.tomcat.websocket.server.WsFilter.doFilter(WsFilter.java:57)
		at org.apache.catalina.core.ApplicationFilterChain.internalDoFilter(ApplicationFilterChain.java:166)
		at org.apache.catalina.core.ApplicationFilterChain.doFilter(ApplicationFilterChain.java:142)
		at org.apache.catalina.core.StandardWrapperValve.invoke(StandardWrapperValve.java:166)
		at org.apache.catalina.core.StandardContextValve.invoke(StandardContextValve.java:88)
		at org.apache.catalina.authenticator.AuthenticatorBase.invoke(AuthenticatorBase.java:540)
		at org.apache.catalina.core.StandardHostValve.invoke(StandardHostValve.java:115)
		at org.apache.catalina.valves.ErrorReportValve.invoke(ErrorReportValve.java:86)
		at org.apache.catalina.valves.AbstractAccessLogValve.invoke(AbstractAccessLogValve.java:782)
		at org.apache.catalina.core.StandardEngineValve.invoke(StandardEngineValve.java:71)
		at org.apache.catalina.connector.CoyoteAdapter.service(CoyoteAdapter.java:348)
		at org.apache.coyote.http11.Http11Processor.service(Http11Processor.java:410)
		at org.apache.coyote.AbstractProcessorLight.process(AbstractProcessorLight.java:71)
		at org.apache.coyote.AbstractProtocol$ConnectionHandler.process(AbstractProtocol.java:1307)
		at org.apache.tomcat.util.net.NioEndpoint$SocketProcessor.doRun(NioEndpoint.java:2197)
		at org.apache.tomcat.util.net.SocketProcessorBase.run(SocketProcessorBase.java:74)
		at org.apache.tomcat.util.threads.ThreadPoolExecutor.runWorker(ThreadPoolExecutor.java:976)
		at org.apache.tomcat.util.threads.ThreadPoolExecutor$Worker.run(ThreadPoolExecutor.java:494)
		at org.apache.tomcat.util.threads.TaskThread$WrappingRunnable.run(TaskThread.java:80)
		at java.base/java.lang.Thread.run(Thread.java:1474)
05-Oct-2026 13:09:26.433 INFORMAÇÕES [main] org.apache.catalina.startup.VersionLoggerListener.log Server version name:   Apache Tomcat/10.1.60
05-Oct-2026 13:09:26.435 INFORMAÇÕES [main] org.apache.catalina.startup.VersionLoggerListener.log Server built:          Sep 9 2026 22:35:59 UTC
05-Oct-2026 13:09:26.435 INFORMAÇÕES [main] org.apache.catalina.startup.VersionLoggerListener.log Server version number: 10.1.60.0
05-Oct-2026 13:09:26.435 INFORMAÇÕES [main] org.apache.catalina.startup.VersionLoggerListener.log OS Name:               Windows 11
05-Oct-2026 13:09:26.435 INFORMAÇÕES [main] org.apache.catalina.startup.VersionLoggerListener.log OS Version:            10.0
05-Oct-2026 13:09:26.435 INFORMAÇÕES [main] org.apache.catalina.startup.VersionLoggerListener.log Architecture:          amd64
05-Oct-2026 13:09:26.436 INFORMAÇÕES [main] org.apache.catalina.startup.VersionLoggerListener.log Java Home:             C:\Program Files\Eclipse Adoptium\jdk-25.0.4.101-hotspot
05-Oct-2026 13:09:26.436 INFORMAÇÕES [main] org.apache.catalina.startup.VersionLoggerListener.log JVM Version:           25.0.4.1+1-LTS
05-Oct-2026 13:09:26.436 INFORMAÇÕES [main] org.apache.catalina.startup.VersionLoggerListener.log JVM Vendor:            Eclipse Adoptium
05-Oct-2026 13:09:26.436 INFORMAÇÕES [main] org.apache.catalina.startup.VersionLoggerListener.log CATALINA_BASE:         C:\dev\ferramentas\apache-tomcat-10.1.60
05-Oct-2026 13:09:26.436 INFORMAÇÕES [main] org.apache.catalina.startup.VersionLoggerListener.log CATALINA_HOME:         C:\dev\ferramentas\apache-tomcat-10.1.60
05-Oct-2026 13:09:26.443 INFORMAÇÕES [main] org.apache.catalina.startup.VersionLoggerListener.log Command line argument: -Djava.util.logging.config.file=C:\dev\ferramentas\apache-tomcat-10.1.60\conf\logging.properties
05-Oct-2026 13:09:26.443 INFORMAÇÕES [main] org.apache.catalina.startup.VersionLoggerListener.log Command line argument: -Djava.util.logging.manager=org.apache.juli.ClassLoaderLogManager
05-Oct-2026 13:09:26.443 INFORMAÇÕES [main] org.apache.catalina.startup.VersionLoggerListener.log Command line argument: -Djdk.tls.ephemeralDHKeySize=2048
05-Oct-2026 13:09:26.443 INFORMAÇÕES [main] org.apache.catalina.startup.VersionLoggerListener.log Command line argument: -Djava.protocol.handler.pkgs=org.apache.catalina.webresources
05-Oct-2026 13:09:26.443 INFORMAÇÕES [main] org.apache.catalina.startup.VersionLoggerListener.log Command line argument: -Dsun.io.useCanonCaches=false
05-Oct-2026 13:09:26.443 INFORMAÇÕES [main] org.apache.catalina.startup.VersionLoggerListener.log Command line argument: --add-opens=java.base/java.lang=ALL-UNNAMED
05-Oct-2026 13:09:26.444 INFORMAÇÕES [main] org.apache.catalina.startup.VersionLoggerListener.log Command line argument: --add-opens=java.base/java.lang.reflect=ALL-UNNAMED
05-Oct-2026 13:09:26.444 INFORMAÇÕES [main] org.apache.catalina.startup.VersionLoggerListener.log Command line argument: --add-opens=java.base/java.io=ALL-UNNAMED
05-Oct-2026 13:09:26.444 INFORMAÇÕES [main] org.apache.catalina.startup.VersionLoggerListener.log Command line argument: --add-opens=java.base/java.util=ALL-UNNAMED
05-Oct-2026 13:09:26.444 INFORMAÇÕES [main] org.apache.catalina.startup.VersionLoggerListener.log Command line argument: --add-opens=java.base/java.util.concurrent=ALL-UNNAMED
05-Oct-2026 13:09:26.444 INFORMAÇÕES [main] org.apache.catalina.startup.VersionLoggerListener.log Command line argument: --add-opens=java.rmi/sun.rmi.transport=ALL-UNNAMED
05-Oct-2026 13:09:26.444 INFORMAÇÕES [main] org.apache.catalina.startup.VersionLoggerListener.log Command line argument: -Dcatalina.base=C:\dev\ferramentas\apache-tomcat-10.1.60
05-Oct-2026 13:09:26.444 INFORMAÇÕES [main] org.apache.catalina.startup.VersionLoggerListener.log Command line argument: -Dcatalina.home=C:\dev\ferramentas\apache-tomcat-10.1.60
05-Oct-2026 13:09:26.444 INFORMAÇÕES [main] org.apache.catalina.startup.VersionLoggerListener.log Command line argument: -Djava.io.tmpdir=C:\dev\ferramentas\apache-tomcat-10.1.60\temp
05-Oct-2026 13:09:26.450 INFORMAÇÕES [main] org.apache.catalina.core.AprLifecycleListener.lifecycleEvent The Apache Tomcat Native library which allows using OpenSSL was not found on the java.library.path: [C:\Program Files\Eclipse Adoptium\jdk-25.0.4.101-hotspot\bin;C:\WINDOWS\Sun\Java\bin;C:\WINDOWS\system32;C:\WINDOWS;C:\Program Files\Eclipse Adoptium\jdk-25.0.4.101-hotspot\bin;C:\Program Files (x86)\Common Files\Oracle\Java\java8path;C:\Program Files (x86)\Common Files\Oracle\Java\javapath;C:\WINDOWS\system32;C:\WINDOWS;C:\WINDOWS\System32\Wbem;C:\WINDOWS\System32\WindowsPowerShell\v1.0\;C:\WINDOWS\System32\OpenSSH\;C:\Program Files\Git\cmd;C:\Users\anand\AppData\Local\Microsoft\WindowsApps;C:\Users\anand\AppData\Local\GitHubDesktop\bin;C:\Users\anand\AppData\Local\Programs\Microsoft VS Code\bin;C:\dev\ferramentas\apache-maven-3.10.0\bin;;.]
05-Oct-2026 13:09:26.621 INFORMAÇÕES [main] org.apache.coyote.AbstractProtocol.init Initializing ProtocolHandler ["http-nio-8080"]
05-Oct-2026 13:09:26.637 INFORMAÇÕES [main] org.apache.catalina.startup.Catalina.load Server initialization in [321] milliseconds
05-Oct-2026 13:09:26.667 INFORMAÇÕES [main] org.apache.catalina.core.StandardService.startInternal Starting service [Catalina]
05-Oct-2026 13:09:26.667 INFORMAÇÕES [main] org.apache.catalina.core.StandardEngine.startInternal Starting Servlet engine: [Apache Tomcat/10.1.60]
05-Oct-2026 13:09:26.686 INFORMAÇÕES [main] org.apache.catalina.startup.HostConfig.deployWAR Deploying web application archive [C:\dev\ferramentas\apache-tomcat-10.1.60\webapps\catalogo.war]
05-Oct-2026 13:09:27.406 INFORMAÇÕES [main] org.apache.jasper.servlet.TldScanner.scanJars At least one JAR was scanned for TLDs yet contained no TLDs. Enable debug logging for this logger for a complete list of JARs that were scanned but no TLDs were found in them. Skipping unneeded JARs during scanning can improve startup time and JSP compilation time.
05-Oct-2026 13:09:27.474 INFORMAÇÕES [main] org.apache.catalina.startup.HostConfig.deployWAR Deployment of web application archive [C:\dev\ferramentas\apache-tomcat-10.1.60\webapps\catalogo.war] has finished in [784] ms
05-Oct-2026 13:09:27.474 INFORMAÇÕES [main] org.apache.catalina.startup.HostConfig.deployDirectory Diretório de instalação da aplicação web [C:\dev\ferramentas\apache-tomcat-10.1.60\webapps\docs]
05-Oct-2026 13:09:27.503 INFORMAÇÕES [main] org.apache.catalina.startup.HostConfig.deployDirectory Deployment of web application directory [C:\dev\ferramentas\apache-tomcat-10.1.60\webapps\docs] has finished in [29] ms
05-Oct-2026 13:09:27.503 INFORMAÇÕES [main] org.apache.catalina.startup.HostConfig.deployDirectory Diretório de instalação da aplicação web [C:\dev\ferramentas\apache-tomcat-10.1.60\webapps\examples]
05-Oct-2026 13:09:27.782 INFORMAÇÕES [main] org.apache.catalina.startup.HostConfig.deployDirectory Deployment of web application directory [C:\dev\ferramentas\apache-tomcat-10.1.60\webapps\examples] has finished in [279] ms
05-Oct-2026 13:09:27.783 INFORMAÇÕES [main] org.apache.catalina.startup.HostConfig.deployDirectory Diretório de instalação da aplicação web [C:\dev\ferramentas\apache-tomcat-10.1.60\webapps\host-manager]
05-Oct-2026 13:09:27.813 INFORMAÇÕES [main] org.apache.catalina.startup.HostConfig.deployDirectory Deployment of web application directory [C:\dev\ferramentas\apache-tomcat-10.1.60\webapps\host-manager] has finished in [29] ms
05-Oct-2026 13:09:27.813 INFORMAÇÕES [main] org.apache.catalina.startup.HostConfig.deployDirectory Diretório de instalação da aplicação web [C:\dev\ferramentas\apache-tomcat-10.1.60\webapps\manager]
05-Oct-2026 13:09:27.839 INFORMAÇÕES [main] org.apache.catalina.startup.HostConfig.deployDirectory Deployment of web application directory [C:\dev\ferramentas\apache-tomcat-10.1.60\webapps\manager] has finished in [25] ms
05-Oct-2026 13:09:27.839 INFORMAÇÕES [main] org.apache.catalina.startup.HostConfig.deployDirectory Diretório de instalação da aplicação web [C:\dev\ferramentas\apache-tomcat-10.1.60\webapps\ROOT]
05-Oct-2026 13:09:27.857 INFORMAÇÕES [main] org.apache.catalina.startup.HostConfig.deployDirectory Deployment of web application directory [C:\dev\ferramentas\apache-tomcat-10.1.60\webapps\ROOT] has finished in [18] ms
05-Oct-2026 13:09:27.861 INFORMAÇÕES [main] org.apache.coyote.AbstractProtocol.start Starting ProtocolHandler ["http-nio-8080"]
05-Oct-2026 13:09:27.879 INFORMAÇÕES [main] org.apache.catalina.startup.Catalina.start Server startup in [1240] milliseconds
05-Oct-2026 13:09:34.381 GRAVE [http-nio-8080-exec-2] br.edu.catalogo.controller.ItemMidiaServlet.tratarErroBanco Erro de acesso ao banco de dados
	java.sql.SQLException: Access denied for user 'root'@'localhost' (using password: YES)
		at com.mysql.cj.jdbc.exceptions.SQLError.createSQLException(SQLError.java:121)
		at com.mysql.cj.jdbc.exceptions.SQLExceptionsMapping.translateException(SQLExceptionsMapping.java:113)
		at com.mysql.cj.jdbc.ConnectionImpl.createNewIO(ConnectionImpl.java:861)
		at com.mysql.cj.jdbc.ConnectionImpl.<init>(ConnectionImpl.java:449)
		at com.mysql.cj.jdbc.ConnectionImpl.getInstance(ConnectionImpl.java:234)
		at com.mysql.cj.jdbc.NonRegisteringDriver.connect(NonRegisteringDriver.java:180)
		at java.sql/java.sql.DriverManager.getConnection(DriverManager.java:613)
		at java.sql/java.sql.DriverManager.getConnection(DriverManager.java:199)
		at br.edu.catalogo.util.ConexaoBD.getConexao(ConexaoBD.java:41)
		at br.edu.catalogo.dao.ItemMidiaDAO.buscar(ItemMidiaDAO.java:127)
		at br.edu.catalogo.service.ItemMidiaService.buscar(ItemMidiaService.java:125)
		at br.edu.catalogo.controller.ItemMidiaServlet.listar(ItemMidiaServlet.java:77)
		at br.edu.catalogo.controller.ItemMidiaServlet.doGet(ItemMidiaServlet.java:46)
		at jakarta.servlet.http.HttpServlet.service(HttpServlet.java:564)
		at jakarta.servlet.http.HttpServlet.service(HttpServlet.java:658)
		at org.apache.catalina.core.ApplicationFilterChain.internalDoFilter(ApplicationFilterChain.java:197)
		at org.apache.catalina.core.ApplicationFilterChain.doFilter(ApplicationFilterChain.java:142)
		at org.apache.tomcat.websocket.server.WsFilter.doFilter(WsFilter.java:57)
		at org.apache.catalina.core.ApplicationFilterChain.internalDoFilter(ApplicationFilterChain.java:166)
		at org.apache.catalina.core.ApplicationFilterChain.doFilter(ApplicationFilterChain.java:142)
		at org.apache.catalina.core.StandardWrapperValve.invoke(StandardWrapperValve.java:166)
		at org.apache.catalina.core.StandardContextValve.invoke(StandardContextValve.java:88)
		at org.apache.catalina.authenticator.AuthenticatorBase.invoke(AuthenticatorBase.java:540)
		at org.apache.catalina.core.StandardHostValve.invoke(StandardHostValve.java:115)
		at org.apache.catalina.valves.ErrorReportValve.invoke(ErrorReportValve.java:86)
		at org.apache.catalina.valves.AbstractAccessLogValve.invoke(AbstractAccessLogValve.java:782)
		at org.apache.catalina.core.StandardEngineValve.invoke(StandardEngineValve.java:71)
		at org.apache.catalina.connector.CoyoteAdapter.service(CoyoteAdapter.java:348)
		at org.apache.coyote.http11.Http11Processor.service(Http11Processor.java:410)
		at org.apache.coyote.AbstractProcessorLight.process(AbstractProcessorLight.java:71)
		at org.apache.coyote.AbstractProtocol$ConnectionHandler.process(AbstractProtocol.java:1307)
		at org.apache.tomcat.util.net.NioEndpoint$SocketProcessor.doRun(NioEndpoint.java:2197)
		at org.apache.tomcat.util.net.SocketProcessorBase.run(SocketProcessorBase.java:74)
		at org.apache.tomcat.util.threads.ThreadPoolExecutor.runWorker(ThreadPoolExecutor.java:976)
		at org.apache.tomcat.util.threads.ThreadPoolExecutor$Worker.run(ThreadPoolExecutor.java:494)
		at org.apache.tomcat.util.threads.TaskThread$WrappingRunnable.run(TaskThread.java:80)
		at java.base/java.lang.Thread.run(Thread.java:1474)
05-Oct-2026 13:09:56.751 GRAVE [http-nio-8080-exec-6] br.edu.catalogo.controller.ItemMidiaServlet.tratarErroBanco Erro de acesso ao banco de dados
	java.sql.SQLException: Access denied for user 'root'@'localhost' (using password: YES)
		at com.mysql.cj.jdbc.exceptions.SQLError.createSQLException(SQLError.java:121)
		at com.mysql.cj.jdbc.exceptions.SQLExceptionsMapping.translateException(SQLExceptionsMapping.java:113)
		at com.mysql.cj.jdbc.ConnectionImpl.createNewIO(ConnectionImpl.java:861)
		at com.mysql.cj.jdbc.ConnectionImpl.<init>(ConnectionImpl.java:449)
		at com.mysql.cj.jdbc.ConnectionImpl.getInstance(ConnectionImpl.java:234)
		at com.mysql.cj.jdbc.NonRegisteringDriver.connect(NonRegisteringDriver.java:180)
		at java.sql/java.sql.DriverManager.getConnection(DriverManager.java:613)
		at java.sql/java.sql.DriverManager.getConnection(DriverManager.java:199)
		at br.edu.catalogo.util.ConexaoBD.getConexao(ConexaoBD.java:41)
		at br.edu.catalogo.dao.ItemMidiaDAO.buscar(ItemMidiaDAO.java:127)
		at br.edu.catalogo.service.ItemMidiaService.buscar(ItemMidiaService.java:125)
		at br.edu.catalogo.controller.ItemMidiaServlet.listar(ItemMidiaServlet.java:77)
		at br.edu.catalogo.controller.ItemMidiaServlet.doGet(ItemMidiaServlet.java:46)
		at jakarta.servlet.http.HttpServlet.service(HttpServlet.java:564)
		at jakarta.servlet.http.HttpServlet.service(HttpServlet.java:658)
		at org.apache.catalina.core.ApplicationFilterChain.internalDoFilter(ApplicationFilterChain.java:197)
		at org.apache.catalina.core.ApplicationFilterChain.doFilter(ApplicationFilterChain.java:142)
		at org.apache.tomcat.websocket.server.WsFilter.doFilter(WsFilter.java:57)
		at org.apache.catalina.core.ApplicationFilterChain.internalDoFilter(ApplicationFilterChain.java:166)
		at org.apache.catalina.core.ApplicationFilterChain.doFilter(ApplicationFilterChain.java:142)
		at org.apache.catalina.core.StandardWrapperValve.invoke(StandardWrapperValve.java:166)
		at org.apache.catalina.core.StandardContextValve.invoke(StandardContextValve.java:88)
		at org.apache.catalina.authenticator.AuthenticatorBase.invoke(AuthenticatorBase.java:540)
		at org.apache.catalina.core.StandardHostValve.invoke(StandardHostValve.java:115)
		at org.apache.catalina.valves.ErrorReportValve.invoke(ErrorReportValve.java:86)
		at org.apache.catalina.valves.AbstractAccessLogValve.invoke(AbstractAccessLogValve.java:782)
		at org.apache.catalina.core.StandardEngineValve.invoke(StandardEngineValve.java:71)
		at org.apache.catalina.connector.CoyoteAdapter.service(CoyoteAdapter.java:348)
		at org.apache.coyote.http11.Http11Processor.service(Http11Processor.java:410)
		at org.apache.coyote.AbstractProcessorLight.process(AbstractProcessorLight.java:71)
		at org.apache.coyote.AbstractProtocol$ConnectionHandler.process(AbstractProtocol.java:1307)
		at org.apache.tomcat.util.net.NioEndpoint$SocketProcessor.doRun(NioEndpoint.java:2197)
		at org.apache.tomcat.util.net.SocketProcessorBase.run(SocketProcessorBase.java:74)
		at org.apache.tomcat.util.threads.ThreadPoolExecutor.runWorker(ThreadPoolExecutor.java:976)
		at org.apache.tomcat.util.threads.ThreadPoolExecutor$Worker.run(ThreadPoolExecutor.java:494)
		at org.apache.tomcat.util.threads.TaskThread$WrappingRunnable.run(TaskThread.java:80)
		at java.base/java.lang.Thread.run(Thread.java:1474)
05-Oct-2026 17:33:04.209 INFORMAÇÕES [main] org.apache.catalina.startup.VersionLoggerListener.log Server version name:   Apache Tomcat/10.1.60
05-Oct-2026 17:33:04.211 INFORMAÇÕES [main] org.apache.catalina.startup.VersionLoggerListener.log Server built:          Sep 9 2026 22:35:59 UTC
05-Oct-2026 17:33:04.211 INFORMAÇÕES [main] org.apache.catalina.startup.VersionLoggerListener.log Server version number: 10.1.60.0
05-Oct-2026 17:33:04.211 INFORMAÇÕES [main] org.apache.catalina.startup.VersionLoggerListener.log OS Name:               Windows 11
05-Oct-2026 17:33:04.212 INFORMAÇÕES [main] org.apache.catalina.startup.VersionLoggerListener.log OS Version:            10.0
05-Oct-2026 17:33:04.212 INFORMAÇÕES [main] org.apache.catalina.startup.VersionLoggerListener.log Architecture:          amd64
05-Oct-2026 17:33:04.212 INFORMAÇÕES [main] org.apache.catalina.startup.VersionLoggerListener.log Java Home:             C:\Program Files\Eclipse Adoptium\jdk-25.0.4.101-hotspot
05-Oct-2026 17:33:04.212 INFORMAÇÕES [main] org.apache.catalina.startup.VersionLoggerListener.log JVM Version:           25.0.4.1+1-LTS
05-Oct-2026 17:33:04.212 INFORMAÇÕES [main] org.apache.catalina.startup.VersionLoggerListener.log JVM Vendor:            Eclipse Adoptium
05-Oct-2026 17:33:04.212 INFORMAÇÕES [main] org.apache.catalina.startup.VersionLoggerListener.log CATALINA_BASE:         C:\dev\ferramentas\apache-tomcat-10.1.60
05-Oct-2026 17:33:04.212 INFORMAÇÕES [main] org.apache.catalina.startup.VersionLoggerListener.log CATALINA_HOME:         C:\dev\ferramentas\apache-tomcat-10.1.60
05-Oct-2026 17:33:04.226 INFORMAÇÕES [main] org.apache.catalina.startup.VersionLoggerListener.log Command line argument: -Djava.util.logging.config.file=C:\dev\ferramentas\apache-tomcat-10.1.60\conf\logging.properties
05-Oct-2026 17:33:04.226 INFORMAÇÕES [main] org.apache.catalina.startup.VersionLoggerListener.log Command line argument: -Djava.util.logging.manager=org.apache.juli.ClassLoaderLogManager
05-Oct-2026 17:33:04.226 INFORMAÇÕES [main] org.apache.catalina.startup.VersionLoggerListener.log Command line argument: -Djdk.tls.ephemeralDHKeySize=2048
05-Oct-2026 17:33:04.226 INFORMAÇÕES [main] org.apache.catalina.startup.VersionLoggerListener.log Command line argument: -Djava.protocol.handler.pkgs=org.apache.catalina.webresources
05-Oct-2026 17:33:04.226 INFORMAÇÕES [main] org.apache.catalina.startup.VersionLoggerListener.log Command line argument: -Dsun.io.useCanonCaches=false
05-Oct-2026 17:33:04.226 INFORMAÇÕES [main] org.apache.catalina.startup.VersionLoggerListener.log Command line argument: --add-opens=java.base/java.lang=ALL-UNNAMED
05-Oct-2026 17:33:04.226 INFORMAÇÕES [main] org.apache.catalina.startup.VersionLoggerListener.log Command line argument: --add-opens=java.base/java.lang.reflect=ALL-UNNAMED
05-Oct-2026 17:33:04.227 INFORMAÇÕES [main] org.apache.catalina.startup.VersionLoggerListener.log Command line argument: --add-opens=java.base/java.io=ALL-UNNAMED
05-Oct-2026 17:33:04.227 INFORMAÇÕES [main] org.apache.catalina.startup.VersionLoggerListener.log Command line argument: --add-opens=java.base/java.util=ALL-UNNAMED
05-Oct-2026 17:33:04.227 INFORMAÇÕES [main] org.apache.catalina.startup.VersionLoggerListener.log Command line argument: --add-opens=java.base/java.util.concurrent=ALL-UNNAMED
05-Oct-2026 17:33:04.227 INFORMAÇÕES [main] org.apache.catalina.startup.VersionLoggerListener.log Command line argument: --add-opens=java.rmi/sun.rmi.transport=ALL-UNNAMED
05-Oct-2026 17:33:04.227 INFORMAÇÕES [main] org.apache.catalina.startup.VersionLoggerListener.log Command line argument: -Dcatalina.base=C:\dev\ferramentas\apache-tomcat-10.1.60
05-Oct-2026 17:33:04.227 INFORMAÇÕES [main] org.apache.catalina.startup.VersionLoggerListener.log Command line argument: -Dcatalina.home=C:\dev\ferramentas\apache-tomcat-10.1.60
05-Oct-2026 17:33:04.227 INFORMAÇÕES [main] org.apache.catalina.startup.VersionLoggerListener.log Command line argument: -Djava.io.tmpdir=C:\dev\ferramentas\apache-tomcat-10.1.60\temp
05-Oct-2026 17:33:04.233 INFORMAÇÕES [main] org.apache.catalina.core.AprLifecycleListener.lifecycleEvent The Apache Tomcat Native library which allows using OpenSSL was not found on the java.library.path: [C:\Program Files\Eclipse Adoptium\jdk-25.0.4.101-hotspot\bin;C:\WINDOWS\Sun\Java\bin;C:\WINDOWS\system32;C:\WINDOWS;C:\Program Files\Eclipse Adoptium\jdk-25.0.4.101-hotspot\bin;C:\Program Files (x86)\Common Files\Oracle\Java\java8path;C:\Program Files (x86)\Common Files\Oracle\Java\javapath;C:\WINDOWS\system32;C:\WINDOWS;C:\WINDOWS\System32\Wbem;C:\WINDOWS\System32\WindowsPowerShell\v1.0\;C:\WINDOWS\System32\OpenSSH\;C:\Program Files\Git\cmd;C:\Users\anand\AppData\Local\Microsoft\WindowsApps;C:\Users\anand\AppData\Local\GitHubDesktop\bin;C:\Users\anand\AppData\Local\Programs\Microsoft VS Code\bin;C:\dev\ferramentas\apache-maven-3.10.0\bin;;.]
05-Oct-2026 17:33:04.436 INFORMAÇÕES [main] org.apache.coyote.AbstractProtocol.init Initializing ProtocolHandler ["http-nio-8080"]
05-Oct-2026 17:33:04.458 INFORMAÇÕES [main] org.apache.catalina.startup.Catalina.load Server initialization in [415] milliseconds
05-Oct-2026 17:33:04.496 INFORMAÇÕES [main] org.apache.catalina.core.StandardService.startInternal Starting service [Catalina]
05-Oct-2026 17:33:04.497 INFORMAÇÕES [main] org.apache.catalina.core.StandardEngine.startInternal Starting Servlet engine: [Apache Tomcat/10.1.60]
05-Oct-2026 17:33:04.528 INFORMAÇÕES [main] org.apache.catalina.startup.HostConfig.deployWAR Deploying web application archive [C:\dev\ferramentas\apache-tomcat-10.1.60\webapps\catalogo.war]
05-Oct-2026 17:33:05.458 INFORMAÇÕES [main] org.apache.jasper.servlet.TldScanner.scanJars At least one JAR was scanned for TLDs yet contained no TLDs. Enable debug logging for this logger for a complete list of JARs that were scanned but no TLDs were found in them. Skipping unneeded JARs during scanning can improve startup time and JSP compilation time.
05-Oct-2026 17:33:05.525 INFORMAÇÕES [main] org.apache.catalina.startup.HostConfig.deployWAR Deployment of web application archive [C:\dev\ferramentas\apache-tomcat-10.1.60\webapps\catalogo.war] has finished in [993] ms
05-Oct-2026 17:33:05.526 INFORMAÇÕES [main] org.apache.catalina.startup.HostConfig.deployDirectory Diretório de instalação da aplicação web [C:\dev\ferramentas\apache-tomcat-10.1.60\webapps\docs]
05-Oct-2026 17:33:05.556 INFORMAÇÕES [main] org.apache.catalina.startup.HostConfig.deployDirectory Deployment of web application directory [C:\dev\ferramentas\apache-tomcat-10.1.60\webapps\docs] has finished in [30] ms
05-Oct-2026 17:33:05.557 INFORMAÇÕES [main] org.apache.catalina.startup.HostConfig.deployDirectory Diretório de instalação da aplicação web [C:\dev\ferramentas\apache-tomcat-10.1.60\webapps\examples]
05-Oct-2026 17:33:06.090 INFORMAÇÕES [main] org.apache.catalina.startup.HostConfig.deployDirectory Deployment of web application directory [C:\dev\ferramentas\apache-tomcat-10.1.60\webapps\examples] has finished in [533] ms
05-Oct-2026 17:33:06.091 INFORMAÇÕES [main] org.apache.catalina.startup.HostConfig.deployDirectory Diretório de instalação da aplicação web [C:\dev\ferramentas\apache-tomcat-10.1.60\webapps\host-manager]
05-Oct-2026 17:33:06.125 INFORMAÇÕES [main] org.apache.catalina.startup.HostConfig.deployDirectory Deployment of web application directory [C:\dev\ferramentas\apache-tomcat-10.1.60\webapps\host-manager] has finished in [34] ms
05-Oct-2026 17:33:06.126 INFORMAÇÕES [main] org.apache.catalina.startup.HostConfig.deployDirectory Diretório de instalação da aplicação web [C:\dev\ferramentas\apache-tomcat-10.1.60\webapps\manager]
05-Oct-2026 17:33:06.155 INFORMAÇÕES [main] org.apache.catalina.startup.HostConfig.deployDirectory Deployment of web application directory [C:\dev\ferramentas\apache-tomcat-10.1.60\webapps\manager] has finished in [29] ms
05-Oct-2026 17:33:06.155 INFORMAÇÕES [main] org.apache.catalina.startup.HostConfig.deployDirectory Diretório de instalação da aplicação web [C:\dev\ferramentas\apache-tomcat-10.1.60\webapps\ROOT]
05-Oct-2026 17:33:06.178 INFORMAÇÕES [main] org.apache.catalina.startup.HostConfig.deployDirectory Deployment of web application directory [C:\dev\ferramentas\apache-tomcat-10.1.60\webapps\ROOT] has finished in [22] ms
05-Oct-2026 17:33:06.181 INFORMAÇÕES [main] org.apache.coyote.AbstractProtocol.start Starting ProtocolHandler ["http-nio-8080"]
05-Oct-2026 17:33:06.203 INFORMAÇÕES [main] org.apache.catalina.startup.Catalina.start Server startup in [1743] milliseconds
05-Oct-2026 19:26:27.651 GRAVE [http-nio-8080-exec-3] br.edu.catalogo.controller.ItemMidiaServlet.tratarErroBanco Erro de acesso ao banco de dados
	java.sql.SQLException: Access denied for user 'root'@'localhost' (using password: YES)
		at com.mysql.cj.jdbc.exceptions.SQLError.createSQLException(SQLError.java:121)
		at com.mysql.cj.jdbc.exceptions.SQLExceptionsMapping.translateException(SQLExceptionsMapping.java:113)
		at com.mysql.cj.jdbc.ConnectionImpl.createNewIO(ConnectionImpl.java:861)
		at com.mysql.cj.jdbc.ConnectionImpl.<init>(ConnectionImpl.java:449)
		at com.mysql.cj.jdbc.ConnectionImpl.getInstance(ConnectionImpl.java:234)
		at com.mysql.cj.jdbc.NonRegisteringDriver.connect(NonRegisteringDriver.java:180)
		at java.sql/java.sql.DriverManager.getConnection(DriverManager.java:613)
		at java.sql/java.sql.DriverManager.getConnection(DriverManager.java:199)
		at br.edu.catalogo.util.ConexaoBD.getConexao(ConexaoBD.java:41)
		at br.edu.catalogo.dao.ItemMidiaDAO.buscar(ItemMidiaDAO.java:127)
		at br.edu.catalogo.service.ItemMidiaService.buscar(ItemMidiaService.java:125)
		at br.edu.catalogo.controller.ItemMidiaServlet.listar(ItemMidiaServlet.java:77)
		at br.edu.catalogo.controller.ItemMidiaServlet.doGet(ItemMidiaServlet.java:46)
		at jakarta.servlet.http.HttpServlet.service(HttpServlet.java:564)
		at jakarta.servlet.http.HttpServlet.service(HttpServlet.java:658)
		at org.apache.catalina.core.ApplicationFilterChain.internalDoFilter(ApplicationFilterChain.java:197)
		at org.apache.catalina.core.ApplicationFilterChain.doFilter(ApplicationFilterChain.java:142)
		at org.apache.tomcat.websocket.server.WsFilter.doFilter(WsFilter.java:57)
		at org.apache.catalina.core.ApplicationFilterChain.internalDoFilter(ApplicationFilterChain.java:166)
		at org.apache.catalina.core.ApplicationFilterChain.doFilter(ApplicationFilterChain.java:142)
		at org.apache.catalina.core.StandardWrapperValve.invoke(StandardWrapperValve.java:166)
		at org.apache.catalina.core.StandardContextValve.invoke(StandardContextValve.java:88)
		at org.apache.catalina.authenticator.AuthenticatorBase.invoke(AuthenticatorBase.java:540)
		at org.apache.catalina.core.StandardHostValve.invoke(StandardHostValve.java:115)
		at org.apache.catalina.valves.ErrorReportValve.invoke(ErrorReportValve.java:86)
		at org.apache.catalina.valves.AbstractAccessLogValve.invoke(AbstractAccessLogValve.java:782)
		at org.apache.catalina.core.StandardEngineValve.invoke(StandardEngineValve.java:71)
		at org.apache.catalina.connector.CoyoteAdapter.service(CoyoteAdapter.java:348)
		at org.apache.coyote.http11.Http11Processor.service(Http11Processor.java:410)
		at org.apache.coyote.AbstractProcessorLight.process(AbstractProcessorLight.java:71)
		at org.apache.coyote.AbstractProtocol$ConnectionHandler.process(AbstractProtocol.java:1307)
		at org.apache.tomcat.util.net.NioEndpoint$SocketProcessor.doRun(NioEndpoint.java:2197)
		at org.apache.tomcat.util.net.SocketProcessorBase.run(SocketProcessorBase.java:74)
		at org.apache.tomcat.util.threads.ThreadPoolExecutor.runWorker(ThreadPoolExecutor.java:976)
		at org.apache.tomcat.util.threads.ThreadPoolExecutor$Worker.run(ThreadPoolExecutor.java:494)
		at org.apache.tomcat.util.threads.TaskThread$WrappingRunnable.run(TaskThread.java:80)
		at java.base/java.lang.Thread.run(Thread.java:1474)
05-Oct-2026 19:26:30.259 GRAVE [http-nio-8080-exec-4] br.edu.catalogo.controller.ItemMidiaServlet.tratarErroBanco Erro de acesso ao banco de dados
	java.sql.SQLException: Access denied for user 'root'@'localhost' (using password: YES)
		at com.mysql.cj.jdbc.exceptions.SQLError.createSQLException(SQLError.java:121)
		at com.mysql.cj.jdbc.exceptions.SQLExceptionsMapping.translateException(SQLExceptionsMapping.java:113)
		at com.mysql.cj.jdbc.ConnectionImpl.createNewIO(ConnectionImpl.java:861)
		at com.mysql.cj.jdbc.ConnectionImpl.<init>(ConnectionImpl.java:449)
		at com.mysql.cj.jdbc.ConnectionImpl.getInstance(ConnectionImpl.java:234)
		at com.mysql.cj.jdbc.NonRegisteringDriver.connect(NonRegisteringDriver.java:180)
		at java.sql/java.sql.DriverManager.getConnection(DriverManager.java:613)
		at java.sql/java.sql.DriverManager.getConnection(DriverManager.java:199)
		at br.edu.catalogo.util.ConexaoBD.getConexao(ConexaoBD.java:41)
		at br.edu.catalogo.dao.ItemMidiaDAO.buscar(ItemMidiaDAO.java:127)
		at br.edu.catalogo.service.ItemMidiaService.buscar(ItemMidiaService.java:125)
		at br.edu.catalogo.controller.ItemMidiaServlet.listar(ItemMidiaServlet.java:77)
		at br.edu.catalogo.controller.ItemMidiaServlet.doGet(ItemMidiaServlet.java:46)
		at jakarta.servlet.http.HttpServlet.service(HttpServlet.java:564)
		at jakarta.servlet.http.HttpServlet.service(HttpServlet.java:658)
		at org.apache.catalina.core.ApplicationFilterChain.internalDoFilter(ApplicationFilterChain.java:197)
		at org.apache.catalina.core.ApplicationFilterChain.doFilter(ApplicationFilterChain.java:142)
		at org.apache.tomcat.websocket.server.WsFilter.doFilter(WsFilter.java:57)
		at org.apache.catalina.core.ApplicationFilterChain.internalDoFilter(ApplicationFilterChain.java:166)
		at org.apache.catalina.core.ApplicationFilterChain.doFilter(ApplicationFilterChain.java:142)
		at org.apache.catalina.core.StandardWrapperValve.invoke(StandardWrapperValve.java:166)
		at org.apache.catalina.core.StandardContextValve.invoke(StandardContextValve.java:88)
		at org.apache.catalina.authenticator.AuthenticatorBase.invoke(AuthenticatorBase.java:540)
		at org.apache.catalina.core.StandardHostValve.invoke(StandardHostValve.java:115)
		at org.apache.catalina.valves.ErrorReportValve.invoke(ErrorReportValve.java:86)
		at org.apache.catalina.valves.AbstractAccessLogValve.invoke(AbstractAccessLogValve.java:782)
		at org.apache.catalina.core.StandardEngineValve.invoke(StandardEngineValve.java:71)
		at org.apache.catalina.connector.CoyoteAdapter.service(CoyoteAdapter.java:348)
		at org.apache.coyote.http11.Http11Processor.service(Http11Processor.java:410)
		at org.apache.coyote.AbstractProcessorLight.process(AbstractProcessorLight.java:71)
		at org.apache.coyote.AbstractProtocol$ConnectionHandler.process(AbstractProtocol.java:1307)
		at org.apache.tomcat.util.net.NioEndpoint$SocketProcessor.doRun(NioEndpoint.java:2197)
		at org.apache.tomcat.util.net.SocketProcessorBase.run(SocketProcessorBase.java:74)
		at org.apache.tomcat.util.threads.ThreadPoolExecutor.runWorker(ThreadPoolExecutor.java:976)
		at org.apache.tomcat.util.threads.ThreadPoolExecutor$Worker.run(ThreadPoolExecutor.java:494)
		at org.apache.tomcat.util.threads.TaskThread$WrappingRunnable.run(TaskThread.java:80)
		at java.base/java.lang.Thread.run(Thread.java:1474)
05-Oct-2026 19:26:32.145 GRAVE [http-nio-8080-exec-6] br.edu.catalogo.controller.ItemMidiaServlet.tratarErroBanco Erro de acesso ao banco de dados
	java.sql.SQLException: Access denied for user 'root'@'localhost' (using password: YES)
		at com.mysql.cj.jdbc.exceptions.SQLError.createSQLException(SQLError.java:121)
		at com.mysql.cj.jdbc.exceptions.SQLExceptionsMapping.translateException(SQLExceptionsMapping.java:113)
		at com.mysql.cj.jdbc.ConnectionImpl.createNewIO(ConnectionImpl.java:861)
		at com.mysql.cj.jdbc.ConnectionImpl.<init>(ConnectionImpl.java:449)
		at com.mysql.cj.jdbc.ConnectionImpl.getInstance(ConnectionImpl.java:234)
		at com.mysql.cj.jdbc.NonRegisteringDriver.connect(NonRegisteringDriver.java:180)
		at java.sql/java.sql.DriverManager.getConnection(DriverManager.java:613)
		at java.sql/java.sql.DriverManager.getConnection(DriverManager.java:199)
		at br.edu.catalogo.util.ConexaoBD.getConexao(ConexaoBD.java:41)
		at br.edu.catalogo.dao.ItemMidiaDAO.buscar(ItemMidiaDAO.java:127)
		at br.edu.catalogo.service.ItemMidiaService.buscar(ItemMidiaService.java:125)
		at br.edu.catalogo.controller.ItemMidiaServlet.listar(ItemMidiaServlet.java:77)
		at br.edu.catalogo.controller.ItemMidiaServlet.doGet(ItemMidiaServlet.java:46)
		at jakarta.servlet.http.HttpServlet.service(HttpServlet.java:564)
		at jakarta.servlet.http.HttpServlet.service(HttpServlet.java:658)
		at org.apache.catalina.core.ApplicationFilterChain.internalDoFilter(ApplicationFilterChain.java:197)
		at org.apache.catalina.core.ApplicationFilterChain.doFilter(ApplicationFilterChain.java:142)
		at org.apache.tomcat.websocket.server.WsFilter.doFilter(WsFilter.java:57)
		at org.apache.catalina.core.ApplicationFilterChain.internalDoFilter(ApplicationFilterChain.java:166)
		at org.apache.catalina.core.ApplicationFilterChain.doFilter(ApplicationFilterChain.java:142)
		at org.apache.catalina.core.StandardWrapperValve.invoke(StandardWrapperValve.java:166)
		at org.apache.catalina.core.StandardContextValve.invoke(StandardContextValve.java:88)
		at org.apache.catalina.authenticator.AuthenticatorBase.invoke(AuthenticatorBase.java:540)
		at org.apache.catalina.core.StandardHostValve.invoke(StandardHostValve.java:115)
		at org.apache.catalina.valves.ErrorReportValve.invoke(ErrorReportValve.java:86)
		at org.apache.catalina.valves.AbstractAccessLogValve.invoke(AbstractAccessLogValve.java:782)
		at org.apache.catalina.core.StandardEngineValve.invoke(StandardEngineValve.java:71)
		at org.apache.catalina.connector.CoyoteAdapter.service(CoyoteAdapter.java:348)
		at org.apache.coyote.http11.Http11Processor.service(Http11Processor.java:410)
		at org.apache.coyote.AbstractProcessorLight.process(AbstractProcessorLight.java:71)
		at org.apache.coyote.AbstractProtocol$ConnectionHandler.process(AbstractProtocol.java:1307)
		at org.apache.tomcat.util.net.NioEndpoint$SocketProcessor.doRun(NioEndpoint.java:2197)
		at org.apache.tomcat.util.net.SocketProcessorBase.run(SocketProcessorBase.java:74)
		at org.apache.tomcat.util.threads.ThreadPoolExecutor.runWorker(ThreadPoolExecutor.java:976)
		at org.apache.tomcat.util.threads.ThreadPoolExecutor$Worker.run(ThreadPoolExecutor.java:494)
		at org.apache.tomcat.util.threads.TaskThread$WrappingRunnable.run(TaskThread.java:80)
		at java.base/java.lang.Thread.run(Thread.java:1474)
05-Oct-2026 19:27:59.955 INFORMAÇÕES [main] org.apache.catalina.startup.VersionLoggerListener.log Server version name:   Apache Tomcat/10.1.60
05-Oct-2026 19:27:59.957 INFORMAÇÕES [main] org.apache.catalina.startup.VersionLoggerListener.log Server built:          Sep 9 2026 22:35:59 UTC
05-Oct-2026 19:27:59.958 INFORMAÇÕES [main] org.apache.catalina.startup.VersionLoggerListener.log Server version number: 10.1.60.0
05-Oct-2026 19:27:59.958 INFORMAÇÕES [main] org.apache.catalina.startup.VersionLoggerListener.log OS Name:               Windows 11
05-Oct-2026 19:27:59.958 INFORMAÇÕES [main] org.apache.catalina.startup.VersionLoggerListener.log OS Version:            10.0
05-Oct-2026 19:27:59.958 INFORMAÇÕES [main] org.apache.catalina.startup.VersionLoggerListener.log Architecture:          amd64
05-Oct-2026 19:27:59.958 INFORMAÇÕES [main] org.apache.catalina.startup.VersionLoggerListener.log Java Home:             C:\Program Files\Eclipse Adoptium\jdk-25.0.4.101-hotspot
05-Oct-2026 19:27:59.958 INFORMAÇÕES [main] org.apache.catalina.startup.VersionLoggerListener.log JVM Version:           25.0.4.1+1-LTS
05-Oct-2026 19:27:59.959 INFORMAÇÕES [main] org.apache.catalina.startup.VersionLoggerListener.log JVM Vendor:            Eclipse Adoptium
05-Oct-2026 19:27:59.959 INFORMAÇÕES [main] org.apache.catalina.startup.VersionLoggerListener.log CATALINA_BASE:         C:\dev\ferramentas\apache-tomcat-10.1.60
05-Oct-2026 19:27:59.959 INFORMAÇÕES [main] org.apache.catalina.startup.VersionLoggerListener.log CATALINA_HOME:         C:\dev\ferramentas\apache-tomcat-10.1.60
05-Oct-2026 19:27:59.966 INFORMAÇÕES [main] org.apache.catalina.startup.VersionLoggerListener.log Command line argument: -Djava.util.logging.config.file=C:\dev\ferramentas\apache-tomcat-10.1.60\conf\logging.properties
05-Oct-2026 19:27:59.967 INFORMAÇÕES [main] org.apache.catalina.startup.VersionLoggerListener.log Command line argument: -Djava.util.logging.manager=org.apache.juli.ClassLoaderLogManager
05-Oct-2026 19:27:59.967 INFORMAÇÕES [main] org.apache.catalina.startup.VersionLoggerListener.log Command line argument: -Djdk.tls.ephemeralDHKeySize=2048
05-Oct-2026 19:27:59.967 INFORMAÇÕES [main] org.apache.catalina.startup.VersionLoggerListener.log Command line argument: -Djava.protocol.handler.pkgs=org.apache.catalina.webresources
05-Oct-2026 19:27:59.967 INFORMAÇÕES [main] org.apache.catalina.startup.VersionLoggerListener.log Command line argument: -Dsun.io.useCanonCaches=false
05-Oct-2026 19:27:59.967 INFORMAÇÕES [main] org.apache.catalina.startup.VersionLoggerListener.log Command line argument: --add-opens=java.base/java.lang=ALL-UNNAMED
05-Oct-2026 19:27:59.967 INFORMAÇÕES [main] org.apache.catalina.startup.VersionLoggerListener.log Command line argument: --add-opens=java.base/java.lang.reflect=ALL-UNNAMED
05-Oct-2026 19:27:59.967 INFORMAÇÕES [main] org.apache.catalina.startup.VersionLoggerListener.log Command line argument: --add-opens=java.base/java.io=ALL-UNNAMED
05-Oct-2026 19:27:59.967 INFORMAÇÕES [main] org.apache.catalina.startup.VersionLoggerListener.log Command line argument: --add-opens=java.base/java.util=ALL-UNNAMED
05-Oct-2026 19:27:59.967 INFORMAÇÕES [main] org.apache.catalina.startup.VersionLoggerListener.log Command line argument: --add-opens=java.base/java.util.concurrent=ALL-UNNAMED
05-Oct-2026 19:27:59.967 INFORMAÇÕES [main] org.apache.catalina.startup.VersionLoggerListener.log Command line argument: --add-opens=java.rmi/sun.rmi.transport=ALL-UNNAMED
05-Oct-2026 19:27:59.968 INFORMAÇÕES [main] org.apache.catalina.startup.VersionLoggerListener.log Command line argument: -Dcatalina.base=C:\dev\ferramentas\apache-tomcat-10.1.60
05-Oct-2026 19:27:59.968 INFORMAÇÕES [main] org.apache.catalina.startup.VersionLoggerListener.log Command line argument: -Dcatalina.home=C:\dev\ferramentas\apache-tomcat-10.1.60
05-Oct-2026 19:27:59.968 INFORMAÇÕES [main] org.apache.catalina.startup.VersionLoggerListener.log Command line argument: -Djava.io.tmpdir=C:\dev\ferramentas\apache-tomcat-10.1.60\temp
05-Oct-2026 19:27:59.974 INFORMAÇÕES [main] org.apache.catalina.core.AprLifecycleListener.lifecycleEvent The Apache Tomcat Native library which allows using OpenSSL was not found on the java.library.path: [C:\Program Files\Eclipse Adoptium\jdk-25.0.4.101-hotspot\bin;C:\WINDOWS\Sun\Java\bin;C:\WINDOWS\system32;C:\WINDOWS;C:\Program Files\Eclipse Adoptium\jdk-25.0.4.101-hotspot\bin;C:\Program Files (x86)\Common Files\Oracle\Java\java8path;C:\Program Files (x86)\Common Files\Oracle\Java\javapath;C:\WINDOWS\system32;C:\WINDOWS;C:\WINDOWS\System32\Wbem;C:\WINDOWS\System32\WindowsPowerShell\v1.0\;C:\WINDOWS\System32\OpenSSH\;C:\Program Files\Git\cmd;C:\Users\anand\AppData\Local\Microsoft\WindowsApps;C:\Users\anand\AppData\Local\GitHubDesktop\bin;C:\Users\anand\AppData\Local\Programs\Microsoft VS Code\bin;C:\dev\ferramentas\apache-maven-3.10.0\bin;;.]
05-Oct-2026 19:28:00.147 INFORMAÇÕES [main] org.apache.coyote.AbstractProtocol.init Initializing ProtocolHandler ["http-nio-8080"]
05-Oct-2026 19:28:00.162 INFORMAÇÕES [main] org.apache.catalina.startup.Catalina.load Server initialization in [337] milliseconds
05-Oct-2026 19:28:00.192 INFORMAÇÕES [main] org.apache.catalina.core.StandardService.startInternal Starting service [Catalina]
05-Oct-2026 19:28:00.192 INFORMAÇÕES [main] org.apache.catalina.core.StandardEngine.startInternal Starting Servlet engine: [Apache Tomcat/10.1.60]
05-Oct-2026 19:28:00.221 INFORMAÇÕES [main] org.apache.catalina.startup.HostConfig.deployWAR Deploying web application archive [C:\dev\ferramentas\apache-tomcat-10.1.60\webapps\catalogo.war]
05-Oct-2026 19:28:01.041 INFORMAÇÕES [main] org.apache.jasper.servlet.TldScanner.scanJars At least one JAR was scanned for TLDs yet contained no TLDs. Enable debug logging for this logger for a complete list of JARs that were scanned but no TLDs were found in them. Skipping unneeded JARs during scanning can improve startup time and JSP compilation time.
05-Oct-2026 19:28:01.105 INFORMAÇÕES [main] org.apache.catalina.startup.HostConfig.deployWAR Deployment of web application archive [C:\dev\ferramentas\apache-tomcat-10.1.60\webapps\catalogo.war] has finished in [880] ms
05-Oct-2026 19:28:01.105 INFORMAÇÕES [main] org.apache.catalina.startup.HostConfig.deployDirectory Diretório de instalação da aplicação web [C:\dev\ferramentas\apache-tomcat-10.1.60\webapps\docs]
05-Oct-2026 19:28:01.135 INFORMAÇÕES [main] org.apache.catalina.startup.HostConfig.deployDirectory Deployment of web application directory [C:\dev\ferramentas\apache-tomcat-10.1.60\webapps\docs] has finished in [30] ms
05-Oct-2026 19:28:01.135 INFORMAÇÕES [main] org.apache.catalina.startup.HostConfig.deployDirectory Diretório de instalação da aplicação web [C:\dev\ferramentas\apache-tomcat-10.1.60\webapps\examples]
05-Oct-2026 19:28:01.729 INFORMAÇÕES [main] org.apache.catalina.startup.HostConfig.deployDirectory Deployment of web application directory [C:\dev\ferramentas\apache-tomcat-10.1.60\webapps\examples] has finished in [594] ms
05-Oct-2026 19:28:01.730 INFORMAÇÕES [main] org.apache.catalina.startup.HostConfig.deployDirectory Diretório de instalação da aplicação web [C:\dev\ferramentas\apache-tomcat-10.1.60\webapps\host-manager]
05-Oct-2026 19:28:01.766 INFORMAÇÕES [main] org.apache.catalina.startup.HostConfig.deployDirectory Deployment of web application directory [C:\dev\ferramentas\apache-tomcat-10.1.60\webapps\host-manager] has finished in [36] ms
05-Oct-2026 19:28:01.766 INFORMAÇÕES [main] org.apache.catalina.startup.HostConfig.deployDirectory Diretório de instalação da aplicação web [C:\dev\ferramentas\apache-tomcat-10.1.60\webapps\manager]
05-Oct-2026 19:28:01.799 INFORMAÇÕES [main] org.apache.catalina.startup.HostConfig.deployDirectory Deployment of web application directory [C:\dev\ferramentas\apache-tomcat-10.1.60\webapps\manager] has finished in [33] ms
05-Oct-2026 19:28:01.799 INFORMAÇÕES [main] org.apache.catalina.startup.HostConfig.deployDirectory Diretório de instalação da aplicação web [C:\dev\ferramentas\apache-tomcat-10.1.60\webapps\ROOT]
05-Oct-2026 19:28:01.825 INFORMAÇÕES [main] org.apache.catalina.startup.HostConfig.deployDirectory Deployment of web application directory [C:\dev\ferramentas\apache-tomcat-10.1.60\webapps\ROOT] has finished in [26] ms
05-Oct-2026 19:28:01.829 INFORMAÇÕES [main] org.apache.coyote.AbstractProtocol.start Starting ProtocolHandler ["http-nio-8080"]
05-Oct-2026 19:28:01.853 INFORMAÇÕES [main] org.apache.catalina.startup.Catalina.start Server startup in [1689] milliseconds
05-Oct-2026 19:30:02.773 GRAVE [http-nio-8080-exec-2] br.edu.catalogo.controller.ItemMidiaServlet.tratarErroBanco Erro de acesso ao banco de dados
	java.sql.SQLException: Access denied for user 'root'@'localhost' (using password: YES)
		at com.mysql.cj.jdbc.exceptions.SQLError.createSQLException(SQLError.java:121)
		at com.mysql.cj.jdbc.exceptions.SQLExceptionsMapping.translateException(SQLExceptionsMapping.java:113)
		at com.mysql.cj.jdbc.ConnectionImpl.createNewIO(ConnectionImpl.java:861)
		at com.mysql.cj.jdbc.ConnectionImpl.<init>(ConnectionImpl.java:449)
		at com.mysql.cj.jdbc.ConnectionImpl.getInstance(ConnectionImpl.java:234)
		at com.mysql.cj.jdbc.NonRegisteringDriver.connect(NonRegisteringDriver.java:180)
		at java.sql/java.sql.DriverManager.getConnection(DriverManager.java:613)
		at java.sql/java.sql.DriverManager.getConnection(DriverManager.java:199)
		at br.edu.catalogo.util.ConexaoBD.getConexao(ConexaoBD.java:41)
		at br.edu.catalogo.dao.ItemMidiaDAO.buscar(ItemMidiaDAO.java:127)
		at br.edu.catalogo.service.ItemMidiaService.buscar(ItemMidiaService.java:125)
		at br.edu.catalogo.controller.ItemMidiaServlet.listar(ItemMidiaServlet.java:77)
		at br.edu.catalogo.controller.ItemMidiaServlet.doGet(ItemMidiaServlet.java:46)
		at jakarta.servlet.http.HttpServlet.service(HttpServlet.java:564)
		at jakarta.servlet.http.HttpServlet.service(HttpServlet.java:658)
		at org.apache.catalina.core.ApplicationFilterChain.internalDoFilter(ApplicationFilterChain.java:197)
		at org.apache.catalina.core.ApplicationFilterChain.doFilter(ApplicationFilterChain.java:142)
		at org.apache.tomcat.websocket.server.WsFilter.doFilter(WsFilter.java:57)
		at org.apache.catalina.core.ApplicationFilterChain.internalDoFilter(ApplicationFilterChain.java:166)
		at org.apache.catalina.core.ApplicationFilterChain.doFilter(ApplicationFilterChain.java:142)
		at org.apache.catalina.core.StandardWrapperValve.invoke(StandardWrapperValve.java:166)
		at org.apache.catalina.core.StandardContextValve.invoke(StandardContextValve.java:88)
		at org.apache.catalina.authenticator.AuthenticatorBase.invoke(AuthenticatorBase.java:540)
		at org.apache.catalina.core.StandardHostValve.invoke(StandardHostValve.java:115)
		at org.apache.catalina.valves.ErrorReportValve.invoke(ErrorReportValve.java:86)
		at org.apache.catalina.valves.AbstractAccessLogValve.invoke(AbstractAccessLogValve.java:782)
		at org.apache.catalina.core.StandardEngineValve.invoke(StandardEngineValve.java:71)
		at org.apache.catalina.connector.CoyoteAdapter.service(CoyoteAdapter.java:348)
		at org.apache.coyote.http11.Http11Processor.service(Http11Processor.java:410)
		at org.apache.coyote.AbstractProcessorLight.process(AbstractProcessorLight.java:71)
		at org.apache.coyote.AbstractProtocol$ConnectionHandler.process(AbstractProtocol.java:1307)
		at org.apache.tomcat.util.net.NioEndpoint$SocketProcessor.doRun(NioEndpoint.java:2197)
		at org.apache.tomcat.util.net.SocketProcessorBase.run(SocketProcessorBase.java:74)
		at org.apache.tomcat.util.threads.ThreadPoolExecutor.runWorker(ThreadPoolExecutor.java:976)
		at org.apache.tomcat.util.threads.ThreadPoolExecutor$Worker.run(ThreadPoolExecutor.java:494)
		at org.apache.tomcat.util.threads.TaskThread$WrappingRunnable.run(TaskThread.java:80)
		at java.base/java.lang.Thread.run(Thread.java:1474)
05-Oct-2026 19:42:24.684 INFORMAÇÕES [Thread-1] org.apache.coyote.AbstractProtocol.pause Pausing ProtocolHandler ["http-nio-8080"]
05-Oct-2026 19:42:24.692 INFORMAÇÕES [Thread-1] org.apache.catalina.core.StandardService.stopInternal Stopping service [Catalina]
05-Oct-2026 19:42:24.868 ADVERTÊNCIA [Thread-1] org.apache.catalina.loader.WebappClassLoaderBase.clearReferencesJdbc The web application [catalogo] registered the JDBC driver [com.mysql.cj.jdbc.Driver] but failed to unregister it when the web application was stopped. To prevent a memory leak, the JDBC Driver has been forcibly unregistered.
05-Oct-2026 19:42:24.869 ADVERTÊNCIA [Thread-1] org.apache.catalina.loader.WebappClassLoaderBase.clearReferencesThreads The web application [catalogo] appears to have started a thread named [mysql-cj-abandoned-connection-cleanup] but has failed to stop it. This is very likely to create a memory leak. Stack trace of thread:
 java.base/java.lang.Object.wait0(Native Method)
 java.base/java.lang.Object.wait(Object.java:389)
 java.base/java.lang.ref.ReferenceQueue.remove0(ReferenceQueue.java:123)
 java.base/java.lang.ref.ReferenceQueue.remove(ReferenceQueue.java:201)
 com.mysql.cj.jdbc.AbandonedConnectionCleanupThread.run(AbandonedConnectionCleanupThread.java:84)
 java.base/java.util.concurrent.ThreadPoolExecutor.runWorker(ThreadPoolExecutor.java:1090)
 java.base/java.util.concurrent.ThreadPoolExecutor$Worker.run(ThreadPoolExecutor.java:614)
 java.base/java.lang.Thread.run(Thread.java:1474)
05-Oct-2026 19:42:24.872 INFORMAÇÕES [Thread-1] org.apache.coyote.AbstractProtocol.stop Stopping ProtocolHandler ["http-nio-8080"]
05-Oct-2026 19:42:24.880 INFORMAÇÕES [Thread-1] org.apache.coyote.AbstractProtocol.destroy Destroying ProtocolHandler ["http-nio-8080"]
05-Oct-2026 19:43:57.744 INFORMAÇÕES [main] org.apache.catalina.startup.VersionLoggerListener.log Server version name:   Apache Tomcat/10.1.60
05-Oct-2026 19:43:57.747 INFORMAÇÕES [main] org.apache.catalina.startup.VersionLoggerListener.log Server built:          Sep 9 2026 22:35:59 UTC
05-Oct-2026 19:43:57.747 INFORMAÇÕES [main] org.apache.catalina.startup.VersionLoggerListener.log Server version number: 10.1.60.0
05-Oct-2026 19:43:57.747 INFORMAÇÕES [main] org.apache.catalina.startup.VersionLoggerListener.log OS Name:               Windows 11
05-Oct-2026 19:43:57.747 INFORMAÇÕES [main] org.apache.catalina.startup.VersionLoggerListener.log OS Version:            10.0
05-Oct-2026 19:43:57.747 INFORMAÇÕES [main] org.apache.catalina.startup.VersionLoggerListener.log Architecture:          amd64
05-Oct-2026 19:43:57.748 INFORMAÇÕES [main] org.apache.catalina.startup.VersionLoggerListener.log Java Home:             C:\Program Files\Eclipse Adoptium\jdk-25.0.4.101-hotspot
05-Oct-2026 19:43:57.748 INFORMAÇÕES [main] org.apache.catalina.startup.VersionLoggerListener.log JVM Version:           25.0.4.1+1-LTS
05-Oct-2026 19:43:57.748 INFORMAÇÕES [main] org.apache.catalina.startup.VersionLoggerListener.log JVM Vendor:            Eclipse Adoptium
05-Oct-2026 19:43:57.748 INFORMAÇÕES [main] org.apache.catalina.startup.VersionLoggerListener.log CATALINA_BASE:         C:\dev\ferramentas\apache-tomcat-10.1.60
05-Oct-2026 19:43:57.748 INFORMAÇÕES [main] org.apache.catalina.startup.VersionLoggerListener.log CATALINA_HOME:         C:\dev\ferramentas\apache-tomcat-10.1.60
05-Oct-2026 19:43:57.755 INFORMAÇÕES [main] org.apache.catalina.startup.VersionLoggerListener.log Command line argument: -Djava.util.logging.config.file=C:\dev\ferramentas\apache-tomcat-10.1.60\conf\logging.properties
05-Oct-2026 19:43:57.755 INFORMAÇÕES [main] org.apache.catalina.startup.VersionLoggerListener.log Command line argument: -Djava.util.logging.manager=org.apache.juli.ClassLoaderLogManager
05-Oct-2026 19:43:57.756 INFORMAÇÕES [main] org.apache.catalina.startup.VersionLoggerListener.log Command line argument: -Djdk.tls.ephemeralDHKeySize=2048
05-Oct-2026 19:43:57.756 INFORMAÇÕES [main] org.apache.catalina.startup.VersionLoggerListener.log Command line argument: -Djava.protocol.handler.pkgs=org.apache.catalina.webresources
05-Oct-2026 19:43:57.756 INFORMAÇÕES [main] org.apache.catalina.startup.VersionLoggerListener.log Command line argument: -Dsun.io.useCanonCaches=false
05-Oct-2026 19:43:57.756 INFORMAÇÕES [main] org.apache.catalina.startup.VersionLoggerListener.log Command line argument: --add-opens=java.base/java.lang=ALL-UNNAMED
05-Oct-2026 19:43:57.756 INFORMAÇÕES [main] org.apache.catalina.startup.VersionLoggerListener.log Command line argument: --add-opens=java.base/java.lang.reflect=ALL-UNNAMED
05-Oct-2026 19:43:57.756 INFORMAÇÕES [main] org.apache.catalina.startup.VersionLoggerListener.log Command line argument: --add-opens=java.base/java.io=ALL-UNNAMED
05-Oct-2026 19:43:57.756 INFORMAÇÕES [main] org.apache.catalina.startup.VersionLoggerListener.log Command line argument: --add-opens=java.base/java.util=ALL-UNNAMED
05-Oct-2026 19:43:57.756 INFORMAÇÕES [main] org.apache.catalina.startup.VersionLoggerListener.log Command line argument: --add-opens=java.base/java.util.concurrent=ALL-UNNAMED
05-Oct-2026 19:43:57.756 INFORMAÇÕES [main] org.apache.catalina.startup.VersionLoggerListener.log Command line argument: --add-opens=java.rmi/sun.rmi.transport=ALL-UNNAMED
05-Oct-2026 19:43:57.756 INFORMAÇÕES [main] org.apache.catalina.startup.VersionLoggerListener.log Command line argument: -Dcatalina.base=C:\dev\ferramentas\apache-tomcat-10.1.60
05-Oct-2026 19:43:57.756 INFORMAÇÕES [main] org.apache.catalina.startup.VersionLoggerListener.log Command line argument: -Dcatalina.home=C:\dev\ferramentas\apache-tomcat-10.1.60
05-Oct-2026 19:43:57.757 INFORMAÇÕES [main] org.apache.catalina.startup.VersionLoggerListener.log Command line argument: -Djava.io.tmpdir=C:\dev\ferramentas\apache-tomcat-10.1.60\temp
05-Oct-2026 19:43:57.762 INFORMAÇÕES [main] org.apache.catalina.core.AprLifecycleListener.lifecycleEvent The Apache Tomcat Native library which allows using OpenSSL was not found on the java.library.path: [C:\Program Files\Eclipse Adoptium\jdk-25.0.4.101-hotspot\bin;C:\WINDOWS\Sun\Java\bin;C:\WINDOWS\system32;C:\WINDOWS;C:\Program Files\Eclipse Adoptium\jdk-25.0.4.101-hotspot\bin;C:\Program Files (x86)\Common Files\Oracle\Java\java8path;C:\Program Files (x86)\Common Files\Oracle\Java\javapath;C:\WINDOWS\system32;C:\WINDOWS;C:\WINDOWS\System32\Wbem;C:\WINDOWS\System32\WindowsPowerShell\v1.0\;C:\WINDOWS\System32\OpenSSH\;C:\Program Files\Git\cmd;C:\Users\anand\AppData\Local\Microsoft\WindowsApps;C:\Users\anand\AppData\Local\GitHubDesktop\bin;C:\Users\anand\AppData\Local\Programs\Microsoft VS Code\bin;C:\dev\ferramentas\apache-maven-3.10.0\bin;;.]
05-Oct-2026 19:43:57.937 INFORMAÇÕES [main] org.apache.coyote.AbstractProtocol.init Initializing ProtocolHandler ["http-nio-8080"]
05-Oct-2026 19:43:57.954 INFORMAÇÕES [main] org.apache.catalina.startup.Catalina.load Server initialization in [333] milliseconds
05-Oct-2026 19:43:57.984 INFORMAÇÕES [main] org.apache.catalina.core.StandardService.startInternal Starting service [Catalina]
05-Oct-2026 19:43:57.985 INFORMAÇÕES [main] org.apache.catalina.core.StandardEngine.startInternal Starting Servlet engine: [Apache Tomcat/10.1.60]
05-Oct-2026 19:43:58.014 INFORMAÇÕES [main] org.apache.catalina.startup.HostConfig.deployWAR Deploying web application archive [C:\dev\ferramentas\apache-tomcat-10.1.60\webapps\catalogo.war]
05-Oct-2026 19:43:58.964 INFORMAÇÕES [main] org.apache.jasper.servlet.TldScanner.scanJars At least one JAR was scanned for TLDs yet contained no TLDs. Enable debug logging for this logger for a complete list of JARs that were scanned but no TLDs were found in them. Skipping unneeded JARs during scanning can improve startup time and JSP compilation time.
05-Oct-2026 19:43:59.028 INFORMAÇÕES [main] org.apache.catalina.startup.HostConfig.deployWAR Deployment of web application archive [C:\dev\ferramentas\apache-tomcat-10.1.60\webapps\catalogo.war] has finished in [1.010] ms
05-Oct-2026 19:43:59.028 INFORMAÇÕES [main] org.apache.catalina.startup.HostConfig.deployDirectory Diretório de instalação da aplicação web [C:\dev\ferramentas\apache-tomcat-10.1.60\webapps\docs]
05-Oct-2026 19:43:59.058 INFORMAÇÕES [main] org.apache.catalina.startup.HostConfig.deployDirectory Deployment of web application directory [C:\dev\ferramentas\apache-tomcat-10.1.60\webapps\docs] has finished in [29] ms
05-Oct-2026 19:43:59.058 INFORMAÇÕES [main] org.apache.catalina.startup.HostConfig.deployDirectory Diretório de instalação da aplicação web [C:\dev\ferramentas\apache-tomcat-10.1.60\webapps\examples]
05-Oct-2026 19:43:59.373 INFORMAÇÕES [main] org.apache.catalina.startup.HostConfig.deployDirectory Deployment of web application directory [C:\dev\ferramentas\apache-tomcat-10.1.60\webapps\examples] has finished in [314] ms
05-Oct-2026 19:43:59.373 INFORMAÇÕES [main] org.apache.catalina.startup.HostConfig.deployDirectory Diretório de instalação da aplicação web [C:\dev\ferramentas\apache-tomcat-10.1.60\webapps\host-manager]
05-Oct-2026 19:43:59.402 INFORMAÇÕES [main] org.apache.catalina.startup.HostConfig.deployDirectory Deployment of web application directory [C:\dev\ferramentas\apache-tomcat-10.1.60\webapps\host-manager] has finished in [29] ms
05-Oct-2026 19:43:59.402 INFORMAÇÕES [main] org.apache.catalina.startup.HostConfig.deployDirectory Diretório de instalação da aplicação web [C:\dev\ferramentas\apache-tomcat-10.1.60\webapps\manager]
05-Oct-2026 19:43:59.430 INFORMAÇÕES [main] org.apache.catalina.startup.HostConfig.deployDirectory Deployment of web application directory [C:\dev\ferramentas\apache-tomcat-10.1.60\webapps\manager] has finished in [27] ms
05-Oct-2026 19:43:59.430 INFORMAÇÕES [main] org.apache.catalina.startup.HostConfig.deployDirectory Diretório de instalação da aplicação web [C:\dev\ferramentas\apache-tomcat-10.1.60\webapps\ROOT]
05-Oct-2026 19:43:59.451 INFORMAÇÕES [main] org.apache.catalina.startup.HostConfig.deployDirectory Deployment of web application directory [C:\dev\ferramentas\apache-tomcat-10.1.60\webapps\ROOT] has finished in [21] ms
05-Oct-2026 19:43:59.454 INFORMAÇÕES [main] org.apache.coyote.AbstractProtocol.start Starting ProtocolHandler ["http-nio-8080"]
05-Oct-2026 19:43:59.473 INFORMAÇÕES [main] org.apache.catalina.startup.Catalina.start Server startup in [1518] milliseconds
05-Oct-2026 19:51:19.678 INFORMAÇÕES [Catalina-utility-2] org.apache.catalina.startup.HostConfig.undeploy Undeploying context [/catalogo]
05-Oct-2026 19:51:19.683 ADVERTÊNCIA [Catalina-utility-2] org.apache.catalina.loader.WebappClassLoaderBase.clearReferencesJdbc The web application [catalogo] registered the JDBC driver [com.mysql.cj.jdbc.Driver] but failed to unregister it when the web application was stopped. To prevent a memory leak, the JDBC Driver has been forcibly unregistered.
05-Oct-2026 19:51:19.683 ADVERTÊNCIA [Catalina-utility-2] org.apache.catalina.loader.WebappClassLoaderBase.clearReferencesThreads The web application [catalogo] appears to have started a thread named [mysql-cj-abandoned-connection-cleanup] but has failed to stop it. This is very likely to create a memory leak. Stack trace of thread:
 java.base/java.lang.Object.wait0(Native Method)
 java.base/java.lang.Object.wait(Object.java:389)
 java.base/java.lang.ref.ReferenceQueue.remove0(ReferenceQueue.java:123)
 java.base/java.lang.ref.ReferenceQueue.remove(ReferenceQueue.java:201)
 com.mysql.cj.jdbc.AbandonedConnectionCleanupThread.run(AbandonedConnectionCleanupThread.java:84)
 java.base/java.util.concurrent.ThreadPoolExecutor.runWorker(ThreadPoolExecutor.java:1090)
 java.base/java.util.concurrent.ThreadPoolExecutor$Worker.run(ThreadPoolExecutor.java:614)
 java.base/java.lang.Thread.run(Thread.java:1474)
05-Oct-2026 19:51:21.902 INFORMAÇÕES [mysql-cj-abandoned-connection-cleanup] org.apache.catalina.loader.WebappClassLoaderBase.checkStateForResourceLoading Illegal access: this web application instance has been stopped already. Could not load []. The following stack trace is thrown for debugging purposes as well as to attempt to terminate the thread which caused the illegal access.
	java.lang.IllegalStateException: Illegal access: this web application instance has been stopped already. Could not load []. The following stack trace is thrown for debugging purposes as well as to attempt to terminate the thread which caused the illegal access.
		at org.apache.catalina.loader.WebappClassLoaderBase.checkStateForResourceLoading(WebappClassLoaderBase.java:1500)
		at org.apache.catalina.loader.WebappClassLoaderBase.getResource(WebappClassLoaderBase.java:1067)
		at com.mysql.cj.jdbc.AbandonedConnectionCleanupThread.checkThreadContextClassLoader(AbandonedConnectionCleanupThread.java:116)
		at com.mysql.cj.jdbc.AbandonedConnectionCleanupThread.run(AbandonedConnectionCleanupThread.java:83)
		at java.base/java.util.concurrent.ThreadPoolExecutor.runWorker(ThreadPoolExecutor.java:1090)
		at java.base/java.util.concurrent.ThreadPoolExecutor$Worker.run(ThreadPoolExecutor.java:614)
		at java.base/java.lang.Thread.run(Thread.java:1474)
05-Oct-2026 19:51:39.711 INFORMAÇÕES [Catalina-utility-1] org.apache.catalina.startup.HostConfig.deployWAR Deploying web application archive [C:\dev\ferramentas\apache-tomcat-10.1.60\webapps\catalogo.war]
05-Oct-2026 19:51:40.352 INFORMAÇÕES [main] org.apache.catalina.startup.VersionLoggerListener.log Server version name:   Apache Tomcat/10.1.60
05-Oct-2026 19:51:40.354 INFORMAÇÕES [main] org.apache.catalina.startup.VersionLoggerListener.log Server built:          Sep 9 2026 22:35:59 UTC
05-Oct-2026 19:51:40.355 INFORMAÇÕES [main] org.apache.catalina.startup.VersionLoggerListener.log Server version number: 10.1.60.0
05-Oct-2026 19:51:40.355 INFORMAÇÕES [main] org.apache.catalina.startup.VersionLoggerListener.log OS Name:               Windows 11
05-Oct-2026 19:51:40.355 INFORMAÇÕES [main] org.apache.catalina.startup.VersionLoggerListener.log OS Version:            10.0
05-Oct-2026 19:51:40.355 INFORMAÇÕES [main] org.apache.catalina.startup.VersionLoggerListener.log Architecture:          amd64
05-Oct-2026 19:51:40.355 INFORMAÇÕES [main] org.apache.catalina.startup.VersionLoggerListener.log Java Home:             C:\Program Files\Eclipse Adoptium\jdk-25.0.4.101-hotspot
05-Oct-2026 19:51:40.356 INFORMAÇÕES [main] org.apache.catalina.startup.VersionLoggerListener.log JVM Version:           25.0.4.1+1-LTS
05-Oct-2026 19:51:40.356 INFORMAÇÕES [main] org.apache.catalina.startup.VersionLoggerListener.log JVM Vendor:            Eclipse Adoptium
05-Oct-2026 19:51:40.356 INFORMAÇÕES [main] org.apache.catalina.startup.VersionLoggerListener.log CATALINA_BASE:         C:\dev\ferramentas\apache-tomcat-10.1.60
05-Oct-2026 19:51:40.356 INFORMAÇÕES [main] org.apache.catalina.startup.VersionLoggerListener.log CATALINA_HOME:         C:\dev\ferramentas\apache-tomcat-10.1.60
05-Oct-2026 19:51:40.363 INFORMAÇÕES [main] org.apache.catalina.startup.VersionLoggerListener.log Command line argument: -Djava.util.logging.config.file=C:\dev\ferramentas\apache-tomcat-10.1.60\conf\logging.properties
05-Oct-2026 19:51:40.363 INFORMAÇÕES [main] org.apache.catalina.startup.VersionLoggerListener.log Command line argument: -Djava.util.logging.manager=org.apache.juli.ClassLoaderLogManager
05-Oct-2026 19:51:40.364 INFORMAÇÕES [main] org.apache.catalina.startup.VersionLoggerListener.log Command line argument: -Djdk.tls.ephemeralDHKeySize=2048
05-Oct-2026 19:51:40.364 INFORMAÇÕES [main] org.apache.catalina.startup.VersionLoggerListener.log Command line argument: -Djava.protocol.handler.pkgs=org.apache.catalina.webresources
05-Oct-2026 19:51:40.364 INFORMAÇÕES [main] org.apache.catalina.startup.VersionLoggerListener.log Command line argument: -Dsun.io.useCanonCaches=false
05-Oct-2026 19:51:40.364 INFORMAÇÕES [main] org.apache.catalina.startup.VersionLoggerListener.log Command line argument: --add-opens=java.base/java.lang=ALL-UNNAMED
05-Oct-2026 19:51:40.364 INFORMAÇÕES [main] org.apache.catalina.startup.VersionLoggerListener.log Command line argument: --add-opens=java.base/java.lang.reflect=ALL-UNNAMED
05-Oct-2026 19:51:40.364 INFORMAÇÕES [main] org.apache.catalina.startup.VersionLoggerListener.log Command line argument: --add-opens=java.base/java.io=ALL-UNNAMED
05-Oct-2026 19:51:40.364 INFORMAÇÕES [main] org.apache.catalina.startup.VersionLoggerListener.log Command line argument: --add-opens=java.base/java.util=ALL-UNNAMED
05-Oct-2026 19:51:40.365 INFORMAÇÕES [main] org.apache.catalina.startup.VersionLoggerListener.log Command line argument: --add-opens=java.base/java.util.concurrent=ALL-UNNAMED
05-Oct-2026 19:51:40.365 INFORMAÇÕES [main] org.apache.catalina.startup.VersionLoggerListener.log Command line argument: --add-opens=java.rmi/sun.rmi.transport=ALL-UNNAMED
05-Oct-2026 19:51:40.365 INFORMAÇÕES [main] org.apache.catalina.startup.VersionLoggerListener.log Command line argument: -Dcatalina.base=C:\dev\ferramentas\apache-tomcat-10.1.60
05-Oct-2026 19:51:40.365 INFORMAÇÕES [main] org.apache.catalina.startup.VersionLoggerListener.log Command line argument: -Dcatalina.home=C:\dev\ferramentas\apache-tomcat-10.1.60
05-Oct-2026 19:51:40.365 INFORMAÇÕES [main] org.apache.catalina.startup.VersionLoggerListener.log Command line argument: -Djava.io.tmpdir=C:\dev\ferramentas\apache-tomcat-10.1.60\temp
05-Oct-2026 19:51:40.372 INFORMAÇÕES [main] org.apache.catalina.core.AprLifecycleListener.lifecycleEvent The Apache Tomcat Native library which allows using OpenSSL was not found on the java.library.path: [C:\Program Files\Eclipse Adoptium\jdk-25.0.4.101-hotspot\bin;C:\WINDOWS\Sun\Java\bin;C:\WINDOWS\system32;C:\WINDOWS;C:\Program Files\Eclipse Adoptium\jdk-25.0.4.101-hotspot\bin;C:\Program Files (x86)\Common Files\Oracle\Java\java8path;C:\Program Files (x86)\Common Files\Oracle\Java\javapath;C:\WINDOWS\system32;C:\WINDOWS;C:\WINDOWS\System32\Wbem;C:\WINDOWS\System32\WindowsPowerShell\v1.0\;C:\WINDOWS\System32\OpenSSH\;C:\Program Files\Git\cmd;C:\Users\anand\AppData\Local\Microsoft\WindowsApps;C:\Users\anand\AppData\Local\GitHubDesktop\bin;C:\Users\anand\AppData\Local\Programs\Microsoft VS Code\bin;C:\dev\ferramentas\apache-maven-3.10.0\bin;;.]
05-Oct-2026 19:51:40.565 INFORMAÇÕES [main] org.apache.coyote.AbstractProtocol.init Initializing ProtocolHandler ["http-nio-8080"]
05-Oct-2026 19:51:40.579 GRAVE [main] org.apache.catalina.util.LifecycleBase.handleSubClassException Failed to initialize component [Connector["http-nio-8080"]]
	org.apache.catalina.LifecycleException: Protocol handler initialization failed
		at org.apache.catalina.connector.Connector.initInternal(Connector.java:1285)
		at org.apache.catalina.util.LifecycleBase.init(LifecycleBase.java:128)
		at org.apache.catalina.core.StandardService.initInternal(StandardService.java:543)
		at org.apache.catalina.util.LifecycleBase.init(LifecycleBase.java:128)
		at org.apache.catalina.core.StandardServer.initInternal(StandardServer.java:962)
		at org.apache.catalina.util.LifecycleBase.init(LifecycleBase.java:128)
		at org.apache.catalina.startup.Catalina.load(Catalina.java:834)
		at org.apache.catalina.startup.Catalina.load(Catalina.java:859)
		at java.base/jdk.internal.reflect.DirectMethodHandleAccessor.invoke(DirectMethodHandleAccessor.java:104)
		at java.base/java.lang.reflect.Method.invoke(Method.java:565)
		at org.apache.catalina.startup.Bootstrap.load(Bootstrap.java:305)
		at org.apache.catalina.startup.Bootstrap.main(Bootstrap.java:484)
	Caused by: java.net.BindException: Address already in use: bind
		at java.base/sun.nio.ch.Net.bind0(Native Method)
		at java.base/sun.nio.ch.Net.bind(Net.java:522)
		at java.base/sun.nio.ch.ServerSocketChannelImpl.netBind(ServerSocketChannelImpl.java:335)
		at java.base/sun.nio.ch.ServerSocketChannelImpl.bind(ServerSocketChannelImpl.java:297)
		at org.apache.tomcat.util.net.NioEndpoint.initServerSocket(NioEndpoint.java:493)
		at org.apache.tomcat.util.net.NioEndpoint.bind(NioEndpoint.java:377)
		at org.apache.tomcat.util.net.AbstractEndpoint.bindWithCleanup(AbstractEndpoint.java:1926)
		at org.apache.tomcat.util.net.AbstractEndpoint.init(AbstractEndpoint.java:1944)
		at org.apache.coyote.AbstractProtocol.init(AbstractProtocol.java:958)
		at org.apache.coyote.http11.AbstractHttp11Protocol.init(AbstractHttp11Protocol.java:95)
		at org.apache.catalina.connector.Connector.initInternal(Connector.java:1283)
		... 11 more
05-Oct-2026 19:51:40.580 INFORMAÇÕES [main] org.apache.catalina.startup.Catalina.load Server initialization in [367] milliseconds
05-Oct-2026 19:51:40.619 INFORMAÇÕES [main] org.apache.catalina.core.StandardService.startInternal Starting service [Catalina]
05-Oct-2026 19:51:40.619 INFORMAÇÕES [main] org.apache.catalina.core.StandardEngine.startInternal Starting Servlet engine: [Apache Tomcat/10.1.60]
05-Oct-2026 19:51:40.627 INFORMAÇÕES [Catalina-utility-1] org.apache.jasper.servlet.TldScanner.scanJars At least one JAR was scanned for TLDs yet contained no TLDs. Enable debug logging for this logger for a complete list of JARs that were scanned but no TLDs were found in them. Skipping unneeded JARs during scanning can improve startup time and JSP compilation time.
05-Oct-2026 19:51:40.645 INFORMAÇÕES [main] org.apache.catalina.startup.HostConfig.deployWAR Deploying web application archive [C:\dev\ferramentas\apache-tomcat-10.1.60\webapps\catalogo.war]
05-Oct-2026 19:51:40.661 INFORMAÇÕES [Catalina-utility-1] org.apache.catalina.startup.HostConfig.deployWAR Deployment of web application archive [C:\dev\ferramentas\apache-tomcat-10.1.60\webapps\catalogo.war] has finished in [949] ms
05-Oct-2026 19:51:41.387 INFORMAÇÕES [main] org.apache.jasper.servlet.TldScanner.scanJars At least one JAR was scanned for TLDs yet contained no TLDs. Enable debug logging for this logger for a complete list of JARs that were scanned but no TLDs were found in them. Skipping unneeded JARs during scanning can improve startup time and JSP compilation time.
05-Oct-2026 19:51:41.447 INFORMAÇÕES [main] org.apache.catalina.startup.HostConfig.deployWAR Deployment of web application archive [C:\dev\ferramentas\apache-tomcat-10.1.60\webapps\catalogo.war] has finished in [798] ms
05-Oct-2026 19:51:41.447 INFORMAÇÕES [main] org.apache.catalina.startup.HostConfig.deployDirectory Diretório de instalação da aplicação web [C:\dev\ferramentas\apache-tomcat-10.1.60\webapps\docs]
05-Oct-2026 19:51:41.476 INFORMAÇÕES [main] org.apache.catalina.startup.HostConfig.deployDirectory Deployment of web application directory [C:\dev\ferramentas\apache-tomcat-10.1.60\webapps\docs] has finished in [29] ms
05-Oct-2026 19:51:41.477 INFORMAÇÕES [main] org.apache.catalina.startup.HostConfig.deployDirectory Diretório de instalação da aplicação web [C:\dev\ferramentas\apache-tomcat-10.1.60\webapps\examples]
05-Oct-2026 19:51:41.801 INFORMAÇÕES [main] org.apache.catalina.startup.HostConfig.deployDirectory Deployment of web application directory [C:\dev\ferramentas\apache-tomcat-10.1.60\webapps\examples] has finished in [324] ms
05-Oct-2026 19:51:41.801 INFORMAÇÕES [main] org.apache.catalina.startup.HostConfig.deployDirectory Diretório de instalação da aplicação web [C:\dev\ferramentas\apache-tomcat-10.1.60\webapps\host-manager]
05-Oct-2026 19:51:41.834 INFORMAÇÕES [main] org.apache.catalina.startup.HostConfig.deployDirectory Deployment of web application directory [C:\dev\ferramentas\apache-tomcat-10.1.60\webapps\host-manager] has finished in [33] ms
05-Oct-2026 19:51:41.834 INFORMAÇÕES [main] org.apache.catalina.startup.HostConfig.deployDirectory Diretório de instalação da aplicação web [C:\dev\ferramentas\apache-tomcat-10.1.60\webapps\manager]
05-Oct-2026 19:51:41.862 INFORMAÇÕES [main] org.apache.catalina.startup.HostConfig.deployDirectory Deployment of web application directory [C:\dev\ferramentas\apache-tomcat-10.1.60\webapps\manager] has finished in [27] ms
05-Oct-2026 19:51:41.862 INFORMAÇÕES [main] org.apache.catalina.startup.HostConfig.deployDirectory Diretório de instalação da aplicação web [C:\dev\ferramentas\apache-tomcat-10.1.60\webapps\ROOT]
05-Oct-2026 19:51:41.884 INFORMAÇÕES [main] org.apache.catalina.startup.HostConfig.deployDirectory Deployment of web application directory [C:\dev\ferramentas\apache-tomcat-10.1.60\webapps\ROOT] has finished in [22] ms
05-Oct-2026 19:51:41.888 INFORMAÇÕES [main] org.apache.catalina.startup.Catalina.start Server startup in [1306] milliseconds
05-Oct-2026 19:51:41.893 GRAVE [main] org.apache.catalina.core.StandardServer.await Failed to create server shutdown socket on address [localhost] and port [8005] (base port [8005] and offset [0])
	java.net.BindException: Address already in use: bind
		at java.base/sun.nio.ch.Net.bind0(Native Method)
		at java.base/sun.nio.ch.Net.bind(Net.java:522)
		at java.base/sun.nio.ch.Net.bind(Net.java:511)
		at java.base/sun.nio.ch.NioSocketImpl.bind(NioSocketImpl.java:641)
		at java.base/java.net.ServerSocket.bind(ServerSocket.java:326)
		at java.base/java.net.ServerSocket.<init>(ServerSocket.java:222)
		at org.apache.catalina.core.StandardServer.await(StandardServer.java:536)
		at org.apache.catalina.startup.Catalina.await(Catalina.java:975)
		at org.apache.catalina.startup.Catalina.start(Catalina.java:923)
		at java.base/jdk.internal.reflect.DirectMethodHandleAccessor.invoke(DirectMethodHandleAccessor.java:104)
		at java.base/java.lang.reflect.Method.invoke(Method.java:565)
		at org.apache.catalina.startup.Bootstrap.start(Bootstrap.java:348)
		at org.apache.catalina.startup.Bootstrap.main(Bootstrap.java:485)
05-Oct-2026 19:51:41.894 INFORMAÇÕES [main] org.apache.coyote.AbstractProtocol.pause Pausing ProtocolHandler ["http-nio-8080"]
05-Oct-2026 19:51:41.894 INFORMAÇÕES [main] org.apache.catalina.core.StandardService.stopInternal Stopping service [Catalina]
05-Oct-2026 19:51:41.907 INFORMAÇÕES [main] org.apache.coyote.AbstractProtocol.stop Stopping ProtocolHandler ["http-nio-8080"]
05-Oct-2026 19:51:41.908 INFORMAÇÕES [main] org.apache.coyote.AbstractProtocol.destroy Destroying ProtocolHandler ["http-nio-8080"]
05-Oct-2026 19:53:25.773 INFORMAÇÕES [Thread-1] org.apache.coyote.AbstractProtocol.pause Pausing ProtocolHandler ["http-nio-8080"]
05-Oct-2026 19:53:25.778 INFORMAÇÕES [Thread-1] org.apache.catalina.core.StandardService.stopInternal Stopping service [Catalina]
05-Oct-2026 19:53:25.786 INFORMAÇÕES [Thread-1] org.apache.coyote.AbstractProtocol.stop Stopping ProtocolHandler ["http-nio-8080"]
05-Oct-2026 19:53:25.790 INFORMAÇÕES [Thread-1] org.apache.coyote.AbstractProtocol.destroy Destroying ProtocolHandler ["http-nio-8080"]
05-Oct-2026 19:53:59.761 INFORMAÇÕES [main] org.apache.catalina.startup.VersionLoggerListener.log Server version name:   Apache Tomcat/10.1.60
05-Oct-2026 19:53:59.763 INFORMAÇÕES [main] org.apache.catalina.startup.VersionLoggerListener.log Server built:          Sep 9 2026 22:35:59 UTC
05-Oct-2026 19:53:59.763 INFORMAÇÕES [main] org.apache.catalina.startup.VersionLoggerListener.log Server version number: 10.1.60.0
05-Oct-2026 19:53:59.763 INFORMAÇÕES [main] org.apache.catalina.startup.VersionLoggerListener.log OS Name:               Windows 11
05-Oct-2026 19:53:59.763 INFORMAÇÕES [main] org.apache.catalina.startup.VersionLoggerListener.log OS Version:            10.0
05-Oct-2026 19:53:59.763 INFORMAÇÕES [main] org.apache.catalina.startup.VersionLoggerListener.log Architecture:          amd64
05-Oct-2026 19:53:59.763 INFORMAÇÕES [main] org.apache.catalina.startup.VersionLoggerListener.log Java Home:             C:\Program Files\Eclipse Adoptium\jdk-25.0.4.101-hotspot
05-Oct-2026 19:53:59.763 INFORMAÇÕES [main] org.apache.catalina.startup.VersionLoggerListener.log JVM Version:           25.0.4.1+1-LTS
05-Oct-2026 19:53:59.764 INFORMAÇÕES [main] org.apache.catalina.startup.VersionLoggerListener.log JVM Vendor:            Eclipse Adoptium
05-Oct-2026 19:53:59.764 INFORMAÇÕES [main] org.apache.catalina.startup.VersionLoggerListener.log CATALINA_BASE:         C:\dev\ferramentas\apache-tomcat-10.1.60
05-Oct-2026 19:53:59.764 INFORMAÇÕES [main] org.apache.catalina.startup.VersionLoggerListener.log CATALINA_HOME:         C:\dev\ferramentas\apache-tomcat-10.1.60
05-Oct-2026 19:53:59.771 INFORMAÇÕES [main] org.apache.catalina.startup.VersionLoggerListener.log Command line argument: -Djava.util.logging.config.file=C:\dev\ferramentas\apache-tomcat-10.1.60\conf\logging.properties
05-Oct-2026 19:53:59.771 INFORMAÇÕES [main] org.apache.catalina.startup.VersionLoggerListener.log Command line argument: -Djava.util.logging.manager=org.apache.juli.ClassLoaderLogManager
05-Oct-2026 19:53:59.771 INFORMAÇÕES [main] org.apache.catalina.startup.VersionLoggerListener.log Command line argument: -Djdk.tls.ephemeralDHKeySize=2048
05-Oct-2026 19:53:59.771 INFORMAÇÕES [main] org.apache.catalina.startup.VersionLoggerListener.log Command line argument: -Djava.protocol.handler.pkgs=org.apache.catalina.webresources
05-Oct-2026 19:53:59.771 INFORMAÇÕES [main] org.apache.catalina.startup.VersionLoggerListener.log Command line argument: -Dsun.io.useCanonCaches=false
05-Oct-2026 19:53:59.771 INFORMAÇÕES [main] org.apache.catalina.startup.VersionLoggerListener.log Command line argument: --add-opens=java.base/java.lang=ALL-UNNAMED
05-Oct-2026 19:53:59.771 INFORMAÇÕES [main] org.apache.catalina.startup.VersionLoggerListener.log Command line argument: --add-opens=java.base/java.lang.reflect=ALL-UNNAMED
05-Oct-2026 19:53:59.771 INFORMAÇÕES [main] org.apache.catalina.startup.VersionLoggerListener.log Command line argument: --add-opens=java.base/java.io=ALL-UNNAMED
05-Oct-2026 19:53:59.772 INFORMAÇÕES [main] org.apache.catalina.startup.VersionLoggerListener.log Command line argument: --add-opens=java.base/java.util=ALL-UNNAMED
05-Oct-2026 19:53:59.772 INFORMAÇÕES [main] org.apache.catalina.startup.VersionLoggerListener.log Command line argument: --add-opens=java.base/java.util.concurrent=ALL-UNNAMED
05-Oct-2026 19:53:59.772 INFORMAÇÕES [main] org.apache.catalina.startup.VersionLoggerListener.log Command line argument: --add-opens=java.rmi/sun.rmi.transport=ALL-UNNAMED
05-Oct-2026 19:53:59.772 INFORMAÇÕES [main] org.apache.catalina.startup.VersionLoggerListener.log Command line argument: -Dcatalina.base=C:\dev\ferramentas\apache-tomcat-10.1.60
05-Oct-2026 19:53:59.772 INFORMAÇÕES [main] org.apache.catalina.startup.VersionLoggerListener.log Command line argument: -Dcatalina.home=C:\dev\ferramentas\apache-tomcat-10.1.60
05-Oct-2026 19:53:59.772 INFORMAÇÕES [main] org.apache.catalina.startup.VersionLoggerListener.log Command line argument: -Djava.io.tmpdir=C:\dev\ferramentas\apache-tomcat-10.1.60\temp
05-Oct-2026 19:53:59.778 INFORMAÇÕES [main] org.apache.catalina.core.AprLifecycleListener.lifecycleEvent The Apache Tomcat Native library which allows using OpenSSL was not found on the java.library.path: [C:\Program Files\Eclipse Adoptium\jdk-25.0.4.101-hotspot\bin;C:\WINDOWS\Sun\Java\bin;C:\WINDOWS\system32;C:\WINDOWS;C:\Program Files\Eclipse Adoptium\jdk-25.0.4.101-hotspot\bin;C:\Program Files (x86)\Common Files\Oracle\Java\java8path;C:\Program Files (x86)\Common Files\Oracle\Java\javapath;C:\WINDOWS\system32;C:\WINDOWS;C:\WINDOWS\System32\Wbem;C:\WINDOWS\System32\WindowsPowerShell\v1.0\;C:\WINDOWS\System32\OpenSSH\;C:\Program Files\Git\cmd;C:\Users\anand\AppData\Local\Microsoft\WindowsApps;C:\Users\anand\AppData\Local\GitHubDesktop\bin;C:\Users\anand\AppData\Local\Programs\Microsoft VS Code\bin;C:\dev\ferramentas\apache-maven-3.10.0\bin;;.]
05-Oct-2026 19:53:59.957 INFORMAÇÕES [main] org.apache.coyote.AbstractProtocol.init Initializing ProtocolHandler ["http-nio-8080"]
05-Oct-2026 19:53:59.975 INFORMAÇÕES [main] org.apache.catalina.startup.Catalina.load Server initialization in [338] milliseconds
05-Oct-2026 19:54:00.007 INFORMAÇÕES [main] org.apache.catalina.core.StandardService.startInternal Starting service [Catalina]
05-Oct-2026 19:54:00.007 INFORMAÇÕES [main] org.apache.catalina.core.StandardEngine.startInternal Starting Servlet engine: [Apache Tomcat/10.1.60]
05-Oct-2026 19:54:00.018 INFORMAÇÕES [main] org.apache.catalina.startup.HostConfig.deployDirectory Diretório de instalação da aplicação web [C:\dev\ferramentas\apache-tomcat-10.1.60\webapps\docs]
05-Oct-2026 19:54:00.242 INFORMAÇÕES [main] org.apache.catalina.startup.HostConfig.deployDirectory Deployment of web application directory [C:\dev\ferramentas\apache-tomcat-10.1.60\webapps\docs] has finished in [220] ms
05-Oct-2026 19:54:00.242 INFORMAÇÕES [main] org.apache.catalina.startup.HostConfig.deployDirectory Diretório de instalação da aplicação web [C:\dev\ferramentas\apache-tomcat-10.1.60\webapps\examples]
05-Oct-2026 19:54:00.612 INFORMAÇÕES [main] org.apache.catalina.startup.HostConfig.deployDirectory Deployment of web application directory [C:\dev\ferramentas\apache-tomcat-10.1.60\webapps\examples] has finished in [370] ms
05-Oct-2026 19:54:00.612 INFORMAÇÕES [main] org.apache.catalina.startup.HostConfig.deployDirectory Diretório de instalação da aplicação web [C:\dev\ferramentas\apache-tomcat-10.1.60\webapps\host-manager]
05-Oct-2026 19:54:00.646 INFORMAÇÕES [main] org.apache.catalina.startup.HostConfig.deployDirectory Deployment of web application directory [C:\dev\ferramentas\apache-tomcat-10.1.60\webapps\host-manager] has finished in [33] ms
05-Oct-2026 19:54:00.646 INFORMAÇÕES [main] org.apache.catalina.startup.HostConfig.deployDirectory Diretório de instalação da aplicação web [C:\dev\ferramentas\apache-tomcat-10.1.60\webapps\manager]
05-Oct-2026 19:54:00.677 INFORMAÇÕES [main] org.apache.catalina.startup.HostConfig.deployDirectory Deployment of web application directory [C:\dev\ferramentas\apache-tomcat-10.1.60\webapps\manager] has finished in [31] ms
05-Oct-2026 19:54:00.677 INFORMAÇÕES [main] org.apache.catalina.startup.HostConfig.deployDirectory Diretório de instalação da aplicação web [C:\dev\ferramentas\apache-tomcat-10.1.60\webapps\ROOT]
05-Oct-2026 19:54:00.701 INFORMAÇÕES [main] org.apache.catalina.startup.HostConfig.deployDirectory Deployment of web application directory [C:\dev\ferramentas\apache-tomcat-10.1.60\webapps\ROOT] has finished in [24] ms
05-Oct-2026 19:54:00.705 INFORMAÇÕES [main] org.apache.coyote.AbstractProtocol.start Starting ProtocolHandler ["http-nio-8080"]
05-Oct-2026 19:54:00.727 INFORMAÇÕES [main] org.apache.catalina.startup.Catalina.start Server startup in [751] milliseconds
05-Oct-2026 20:02:21.680 INFORMAÇÕES [main] org.apache.catalina.startup.VersionLoggerListener.log Server version name:   Apache Tomcat/10.1.60
05-Oct-2026 20:02:21.683 INFORMAÇÕES [main] org.apache.catalina.startup.VersionLoggerListener.log Server built:          Sep 9 2026 22:35:59 UTC
05-Oct-2026 20:02:21.683 INFORMAÇÕES [main] org.apache.catalina.startup.VersionLoggerListener.log Server version number: 10.1.60.0
05-Oct-2026 20:02:21.683 INFORMAÇÕES [main] org.apache.catalina.startup.VersionLoggerListener.log OS Name:               Windows 11
05-Oct-2026 20:02:21.683 INFORMAÇÕES [main] org.apache.catalina.startup.VersionLoggerListener.log OS Version:            10.0
05-Oct-2026 20:02:21.683 INFORMAÇÕES [main] org.apache.catalina.startup.VersionLoggerListener.log Architecture:          amd64
05-Oct-2026 20:02:21.683 INFORMAÇÕES [main] org.apache.catalina.startup.VersionLoggerListener.log Java Home:             C:\Program Files\Eclipse Adoptium\jdk-25.0.4.101-hotspot
05-Oct-2026 20:02:21.684 INFORMAÇÕES [main] org.apache.catalina.startup.VersionLoggerListener.log JVM Version:           25.0.4.1+1-LTS
05-Oct-2026 20:02:21.684 INFORMAÇÕES [main] org.apache.catalina.startup.VersionLoggerListener.log JVM Vendor:            Eclipse Adoptium
05-Oct-2026 20:02:21.684 INFORMAÇÕES [main] org.apache.catalina.startup.VersionLoggerListener.log CATALINA_BASE:         C:\dev\ferramentas\apache-tomcat-10.1.60
05-Oct-2026 20:02:21.684 INFORMAÇÕES [main] org.apache.catalina.startup.VersionLoggerListener.log CATALINA_HOME:         C:\dev\ferramentas\apache-tomcat-10.1.60
05-Oct-2026 20:02:21.691 INFORMAÇÕES [main] org.apache.catalina.startup.VersionLoggerListener.log Command line argument: -Djava.util.logging.config.file=C:\dev\ferramentas\apache-tomcat-10.1.60\conf\logging.properties
05-Oct-2026 20:02:21.691 INFORMAÇÕES [main] org.apache.catalina.startup.VersionLoggerListener.log Command line argument: -Djava.util.logging.manager=org.apache.juli.ClassLoaderLogManager
05-Oct-2026 20:02:21.691 INFORMAÇÕES [main] org.apache.catalina.startup.VersionLoggerListener.log Command line argument: -Djdk.tls.ephemeralDHKeySize=2048
05-Oct-2026 20:02:21.691 INFORMAÇÕES [main] org.apache.catalina.startup.VersionLoggerListener.log Command line argument: -Djava.protocol.handler.pkgs=org.apache.catalina.webresources
05-Oct-2026 20:02:21.692 INFORMAÇÕES [main] org.apache.catalina.startup.VersionLoggerListener.log Command line argument: -Dsun.io.useCanonCaches=false
05-Oct-2026 20:02:21.692 INFORMAÇÕES [main] org.apache.catalina.startup.VersionLoggerListener.log Command line argument: --add-opens=java.base/java.lang=ALL-UNNAMED
05-Oct-2026 20:02:21.692 INFORMAÇÕES [main] org.apache.catalina.startup.VersionLoggerListener.log Command line argument: --add-opens=java.base/java.lang.reflect=ALL-UNNAMED
05-Oct-2026 20:02:21.692 INFORMAÇÕES [main] org.apache.catalina.startup.VersionLoggerListener.log Command line argument: --add-opens=java.base/java.io=ALL-UNNAMED
05-Oct-2026 20:02:21.692 INFORMAÇÕES [main] org.apache.catalina.startup.VersionLoggerListener.log Command line argument: --add-opens=java.base/java.util=ALL-UNNAMED
05-Oct-2026 20:02:21.692 INFORMAÇÕES [main] org.apache.catalina.startup.VersionLoggerListener.log Command line argument: --add-opens=java.base/java.util.concurrent=ALL-UNNAMED
05-Oct-2026 20:02:21.692 INFORMAÇÕES [main] org.apache.catalina.startup.VersionLoggerListener.log Command line argument: --add-opens=java.rmi/sun.rmi.transport=ALL-UNNAMED
05-Oct-2026 20:02:21.692 INFORMAÇÕES [main] org.apache.catalina.startup.VersionLoggerListener.log Command line argument: -Dcatalina.base=C:\dev\ferramentas\apache-tomcat-10.1.60
05-Oct-2026 20:02:21.692 INFORMAÇÕES [main] org.apache.catalina.startup.VersionLoggerListener.log Command line argument: -Dcatalina.home=C:\dev\ferramentas\apache-tomcat-10.1.60
05-Oct-2026 20:02:21.693 INFORMAÇÕES [main] org.apache.catalina.startup.VersionLoggerListener.log Command line argument: -Djava.io.tmpdir=C:\dev\ferramentas\apache-tomcat-10.1.60\temp
05-Oct-2026 20:02:21.698 INFORMAÇÕES [main] org.apache.catalina.core.AprLifecycleListener.lifecycleEvent The Apache Tomcat Native library which allows using OpenSSL was not found on the java.library.path: [C:\Program Files\Eclipse Adoptium\jdk-25.0.4.101-hotspot\bin;C:\WINDOWS\Sun\Java\bin;C:\WINDOWS\system32;C:\WINDOWS;C:\Program Files\Eclipse Adoptium\jdk-25.0.4.101-hotspot\bin;C:\Program Files (x86)\Common Files\Oracle\Java\java8path;C:\Program Files (x86)\Common Files\Oracle\Java\javapath;C:\WINDOWS\system32;C:\WINDOWS;C:\WINDOWS\System32\Wbem;C:\WINDOWS\System32\WindowsPowerShell\v1.0\;C:\WINDOWS\System32\OpenSSH\;C:\Program Files\Git\cmd;C:\Users\anand\AppData\Local\Microsoft\WindowsApps;C:\Users\anand\AppData\Local\GitHubDesktop\bin;C:\Users\anand\AppData\Local\Programs\Microsoft VS Code\bin;C:\dev\ferramentas\apache-maven-3.10.0\bin;;.]
05-Oct-2026 20:02:21.876 INFORMAÇÕES [main] org.apache.coyote.AbstractProtocol.init Initializing ProtocolHandler ["http-nio-8080"]
05-Oct-2026 20:02:21.892 INFORMAÇÕES [main] org.apache.catalina.startup.Catalina.load Server initialization in [336] milliseconds
05-Oct-2026 20:02:21.926 INFORMAÇÕES [main] org.apache.catalina.core.StandardService.startInternal Starting service [Catalina]
05-Oct-2026 20:02:21.926 INFORMAÇÕES [main] org.apache.catalina.core.StandardEngine.startInternal Starting Servlet engine: [Apache Tomcat/10.1.60]
05-Oct-2026 20:02:21.953 INFORMAÇÕES [main] org.apache.catalina.startup.HostConfig.deployWAR Deploying web application archive [C:\dev\ferramentas\apache-tomcat-10.1.60\webapps\catalogo.war]
05-Oct-2026 20:02:22.872 INFORMAÇÕES [main] org.apache.jasper.servlet.TldScanner.scanJars At least one JAR was scanned for TLDs yet contained no TLDs. Enable debug logging for this logger for a complete list of JARs that were scanned but no TLDs were found in them. Skipping unneeded JARs during scanning can improve startup time and JSP compilation time.
05-Oct-2026 20:02:22.934 INFORMAÇÕES [main] org.apache.catalina.startup.HostConfig.deployWAR Deployment of web application archive [C:\dev\ferramentas\apache-tomcat-10.1.60\webapps\catalogo.war] has finished in [977] ms
05-Oct-2026 20:02:22.935 INFORMAÇÕES [main] org.apache.catalina.startup.HostConfig.deployDirectory Diretório de instalação da aplicação web [C:\dev\ferramentas\apache-tomcat-10.1.60\webapps\docs]
05-Oct-2026 20:02:22.963 INFORMAÇÕES [main] org.apache.catalina.startup.HostConfig.deployDirectory Deployment of web application directory [C:\dev\ferramentas\apache-tomcat-10.1.60\webapps\docs] has finished in [28] ms
05-Oct-2026 20:02:22.964 INFORMAÇÕES [main] org.apache.catalina.startup.HostConfig.deployDirectory Diretório de instalação da aplicação web [C:\dev\ferramentas\apache-tomcat-10.1.60\webapps\examples]
05-Oct-2026 20:02:23.283 INFORMAÇÕES [main] org.apache.catalina.startup.HostConfig.deployDirectory Deployment of web application directory [C:\dev\ferramentas\apache-tomcat-10.1.60\webapps\examples] has finished in [319] ms
05-Oct-2026 20:02:23.283 INFORMAÇÕES [main] org.apache.catalina.startup.HostConfig.deployDirectory Diretório de instalação da aplicação web [C:\dev\ferramentas\apache-tomcat-10.1.60\webapps\host-manager]
05-Oct-2026 20:02:23.315 INFORMAÇÕES [main] org.apache.catalina.startup.HostConfig.deployDirectory Deployment of web application directory [C:\dev\ferramentas\apache-tomcat-10.1.60\webapps\host-manager] has finished in [32] ms
05-Oct-2026 20:02:23.316 INFORMAÇÕES [main] org.apache.catalina.startup.HostConfig.deployDirectory Diretório de instalação da aplicação web [C:\dev\ferramentas\apache-tomcat-10.1.60\webapps\manager]
05-Oct-2026 20:02:23.343 INFORMAÇÕES [main] org.apache.catalina.startup.HostConfig.deployDirectory Deployment of web application directory [C:\dev\ferramentas\apache-tomcat-10.1.60\webapps\manager] has finished in [27] ms
05-Oct-2026 20:02:23.344 INFORMAÇÕES [main] org.apache.catalina.startup.HostConfig.deployDirectory Diretório de instalação da aplicação web [C:\dev\ferramentas\apache-tomcat-10.1.60\webapps\ROOT]
05-Oct-2026 20:02:23.365 INFORMAÇÕES [main] org.apache.catalina.startup.HostConfig.deployDirectory Deployment of web application directory [C:\dev\ferramentas\apache-tomcat-10.1.60\webapps\ROOT] has finished in [21] ms
05-Oct-2026 20:02:23.368 INFORMAÇÕES [main] org.apache.coyote.AbstractProtocol.start Starting ProtocolHandler ["http-nio-8080"]
05-Oct-2026 20:02:23.388 INFORMAÇÕES [main] org.apache.catalina.startup.Catalina.start Server startup in [1494] milliseconds
